"GEOID","PopulationValue","CENTLAT","CENTLON"
200019526001,1791,37.8737508,-95.2036636
200019527001,1052,37.9871877,-95.380907
200019527002,957,37.907415,-95.3446262
200019528001,1179,37.9424395,-95.420724
200019528002,1541,37.9475207,-95.3813795
200019528003,1093,37.9262786,-95.3986812
200019529001,1001,37.9134426,-95.4168713
200019529002,591,37.9196268,-95.3938351
200019529003,638,37.8883365,-95.400285
200019530003,582,37.8107387,-95.4374747
200019530001,743,37.8335585,-95.4531189
200019530002,675,37.8231983,-95.4331958
200019530004,683,37.7966495,-95.4321885
200039536003,721,38.2772784,-95.2563786
200039536001,1831,38.319224,-95.1998269
200039536002,686,38.2847034,-95.2557027
200039536004,1713,38.2786539,-95.2337573
200039537001,1086,38.2766978,-95.4119731
200039537002,935,38.0996753,-95.3617663
200039537003,864,38.1647711,-95.1636353
200050816001,924,39.5586414,-95.4808124
200050816002,773,39.4933339,-95.4261077
200050816004,972,39.4589668,-95.1418525
200050816003,600,39.6161856,-95.2422027
200050816005,948,39.5023425,-95.3065958
200050817013,911,39.5673933,-95.1379322
200050817011,1823,39.5797878,-95.1733621
200050817012,1052,39.5786439,-95.1321713
200050817021,2602,39.5959397,-95.0860036
200050818002,783,39.5269797,-95.1148494
200050818001,768,39.5363587,-95.1712885
200050818003,1154,39.5478044,-95.1173792
200050819002,755,39.5696609,-95.1260127
200050819001,998,39.561688,-95.1261141
200050819003,577,39.5658843,-95.1255613
200050819004,708,39.5679745,-95.1177714
200079681001,891,37.3116343,-98.5697279
200079681002,1046,37.2680906,-98.5853523
200079681003,787,37.3668892,-98.6890934
200079682001,834,37.1336062,-98.78409
200079682002,670,37.1299336,-98.4574782
200099711001,1633,38.4943717,-98.5963972
200099711002,1001,38.3559838,-98.5571048
200099711003,1082,38.3632286,-98.5922049
200099712001,755,38.580312,-98.8958016
200099712002,757,38.3523568,-98.9549278
200099713002,1666,38.5001009,-98.756931
200099713001,1421,38.5015314,-98.8046036
200099714001,1171,38.3835601,-98.7652444
200099714002,1276,38.3724859,-98.7650655
200099715001,1241,38.3835154,-98.7930699
200099715002,1045,38.3701938,-98.8011664
200099715003,1057,38.3570004,-98.8032093
200099716001,890,38.3735236,-98.7790264
200099716002,814,38.3734568,-98.7882286
200099716003,1231,38.3680095,-98.7835602
200099716004,992,38.3591177,-98.7840299
200099717001,1399,38.3628322,-98.7606305
200099717002,1266,38.3619645,-98.7698031
200099718011,1080,38.3993501,-98.7375645
200099718012,791,38.2998114,-98.7675921
200099718013,1251,38.3585426,-98.7481389
200099718014,1674,38.3779894,-98.840067
200119556001,819,37.9428985,-94.9835578
200119556002,942,37.9647579,-94.6795988
200119556003,886,37.9581252,-94.8280109
200119557001,1240,37.8114204,-94.9374547
200119557002,965,37.7211393,-94.8377383
200119558001,1793,37.8314672,-94.7469485
200119558002,879,37.836081,-94.7138399
200119558003,861,37.822006,-94.7108321
200119559001,1042,37.83858,-94.6821401
200119559002,1182,37.8190038,-94.6854168
200119559003,1100,37.8276382,-94.6581078
200119560001,643,37.841775,-94.7081581
200119560002,1022,37.8332364,-94.6999654
200119560003,986,37.8286222,-94.7064909
200134806002,923,39.7372018,-95.6963842
200134806001,1047,39.8995608,-95.7148717
200134806003,816,39.9426127,-95.5033312
200134807001,1376,39.8700847,-95.5365072
200134807002,581,39.852957,-95.5358287
200134807003,1628,39.8526888,-95.5451198
200134808001,556,39.8171712,-95.4196341
200134808003,1094,39.6714848,-95.5107433
200134808002,902,39.7217679,-95.4922362
200134808004,585,39.6674554,-95.5370354
200150201011,1164,38.0156574,-96.8794342
200150201012,1108,37.9201055,-96.647643
200150201021,1197,37.80367,-96.8191562
200150201022,678,37.7595536,-96.7705956
200150201024,808,37.645216,-96.6289396
200150201023,812,37.689023,-96.7973982
200150202041,935,37.7047395,-96.9622686
200150202042,1408,37.722004,-96.9616281
200150202043,971,37.6915344,-97.0084149
200150202051,1049,37.6976596,-96.9152387
200150202052,2143,37.7326571,-96.8507018
200150202053,968,37.8197339,-96.9008309
200150202062,1264,37.6873268,-97.1489864
200150202061,2031,37.6862232,-97.1402988
200150202063,1165,37.6865977,-97.1227027
200150202072,1666,37.7158355,-97.1393853
200150202071,1185,37.7002623,-97.1430286
200150202073,1046,37.7132073,-97.1485021
200150202081,1459,37.7010856,-97.1256754
200150202082,1833,37.7258181,-97.131869
200150202092,1238,37.7126077,-97.0821079
200150202091,675,37.6869105,-97.0619895
200150202102,991,37.6648755,-97.1441606
200150202101,1582,37.6721508,-97.1261166
200150202103,690,37.6642373,-97.0854856
200150203001,1560,37.8340174,-96.8441233
200150203002,1261,37.8294691,-96.8547557
200150203003,918,37.8610418,-96.8401127
200150204001,1074,37.818138,-96.8498373
200150204002,1151,37.8095559,-96.8567738
200150205001,1552,37.821062,-96.8684459
200150205002,1276,37.817643,-96.8881329
200150205003,1481,37.813751,-96.8706926
200150205004,1004,37.8065184,-96.8709863
200150206011,1627,37.7675409,-97.107507
200150206012,1487,37.7929174,-96.9979094
200150206013,1324,37.769619,-96.9944638
200150206021,1984,37.9341898,-97.0426219
200150206022,1126,37.8345282,-97.0475321
200150207001,1358,37.6950266,-96.9612238
200150207002,1363,37.7077598,-96.9809107
200150207003,1278,37.6908229,-96.9767076
200150208001,1196,37.6834604,-96.9724976
200150208002,1717,37.6777723,-96.9767118
200150209011,1192,37.6061101,-96.8615668
200150209012,1400,37.605789,-97.0595431
200150209013,1551,37.6212631,-97.1349891
200150209021,1490,37.5557938,-97.1348533
200150209022,960,37.5776332,-97.1439946
200150209023,1544,37.5776644,-97.1260249
200150209032,1280,37.515142,-97.0168293
200150209031,1166,37.5173662,-97.0869627
200150209033,994,37.5191258,-96.8617905
200179606001,789,38.4492997,-96.4565699
200179606002,907,38.2781023,-96.6160302
200179606003,876,38.3718649,-96.5420287
200199646003,1425,37.119844,-96.1821453
200199646001,1060,37.1413412,-96.3765666
200199646002,894,37.1650273,-96.089556
200219581001,986,37.2636924,-94.83127
200219581002,825,37.3174315,-94.7869575
200219581003,786,37.2567706,-94.6817308
200219582001,1092,37.1697997,-94.9893986
200219582002,809,37.0684626,-94.8345518
200219583003,744,37.1669076,-94.8556376
200219583001,1133,37.1709226,-94.830811
200219583002,805,37.1750203,-94.8559472
200219583004,903,37.1712176,-94.83869
200219584001,1784,37.1334796,-94.6970437
200219584002,803,37.0628765,-94.7036437
200219584003,1019,37.0237344,-94.6756667
200219585001,1103,37.0952176,-94.6488399
200219585002,564,37.0779867,-94.6267598
200219585003,669,37.0655562,-94.6287113
200219585004,1143,37.0540857,-94.6432774
200219586001,1086,37.0425173,-94.7477552
200219586004,839,37.0164345,-94.7327169
200219586002,729,37.0145795,-94.7581644
200219586003,744,37.0239985,-94.7351314
200219586005,796,37.0076673,-94.7267705
200239502001,814,39.7776104,-101.8074928
200239502002,768,39.7959616,-101.570376
200239502003,1034,39.7758024,-101.8859164
200259671001,1100,37.3371463,-99.8099102
200259671002,891,37.1076404,-99.833272
200274581003,1162,39.2168059,-97.0092533
200274581001,624,39.5160872,-97.1805024
200274581002,1089,39.3945544,-97.1523141
200274581004,757,39.2288038,-97.2112742
200274582003,957,39.3752858,-97.1152244
200274582001,1424,39.3949149,-97.0994225
200274582002,941,39.393851,-97.145763
200274582004,1163,39.3667333,-97.1152289
200299771002,1488,39.4708454,-97.5146582
200299771001,757,39.5978387,-97.4059077
200299772002,1121,39.5639806,-97.6208658
200299772001,1094,39.5674044,-97.6523091
200299773001,681,39.5714144,-97.6685979
200299773002,679,39.5635973,-97.6609841
200299773003,926,39.5634418,-97.6731628
200299773004,891,39.5626768,-97.6818503
200299774001,616,39.5754565,-97.8007519
200299774002,779,39.4013147,-97.7979069
200319661001,1063,38.390447,-95.6185089
200319661002,1490,38.1931643,-95.6251873
200319662001,694,38.1127141,-95.8589868
200319662002,819,38.2639322,-95.8389631
200319662003,1341,38.3695499,-95.8505645
200319663001,1198,38.2128822,-95.7627527
200319663002,804,38.1687451,-95.7445224
200319663003,951,38.1712257,-95.7833118
200339676001,724,37.2664381,-99.3275461
200339676002,965,37.188919,-99.2701659
200354931001,1253,37.3584133,-96.6632445
200354931002,1282,37.1326224,-96.7244838
200354932001,1332,37.3779194,-96.9491132
200354932002,1589,37.4201969,-97.0898522
200354933001,973,37.1351772,-97.017518
200354933002,1737,37.2203606,-97.0375751
200354934002,1066,37.2640378,-97.0232416
200354934001,1353,37.2258743,-97.0009628
200354935003,2111,37.2656285,-96.9451072
200354935001,722,37.2704056,-96.988634
200354935002,1169,37.2426938,-96.9838816
200354935004,1015,37.2515276,-96.9809551
200354936001,630,37.235229,-96.9925549
200354936002,1009,37.2368772,-96.9636104
200354936003,969,37.23597,-96.9795357
200354936004,770,37.2328021,-96.9865483
200354936005,716,37.2379513,-96.9868412
200354937001,1420,37.0714162,-97.0277395
200354937002,2030,37.0944645,-97.0347377
200354938001,801,37.0754651,-97.043898
200354938002,1316,37.0688427,-97.0441247
200354938003,615,37.0747569,-97.0524025
200354938004,1722,37.0971374,-97.0743876
200354939002,1413,37.0369332,-97.0654354
200354939001,1803,37.0534182,-96.9521872
200354940001,877,37.0601717,-97.0493373
200354940002,715,37.0489451,-97.0482325
200354940003,685,37.0589286,-97.0389325
200354941001,954,37.0564437,-97.0292219
200354941002,502,37.0421268,-97.0198328
200379566003,804,37.5356958,-94.7047919
200379566001,1123,37.6012792,-94.7033267
200379566002,850,37.5503838,-94.7140745
200379566004,1338,37.5313577,-94.662299
200379567002,890,37.4595452,-95.0091583
200379567003,811,37.4100278,-94.8854713
200379567001,1059,37.6107934,-94.926049
200379567004,698,37.3538092,-94.8231707
200379568001,980,37.506492,-94.8658626
200379568002,1112,37.5089223,-94.8452829
200379568003,1212,37.50638,-94.8102938
200379569001,1184,37.4715481,-94.6987601
200379569002,1146,37.4616376,-94.6875417
200379569003,1831,37.4475626,-94.6854331
200379570001,1629,37.4243257,-94.6475437
200379570002,1830,37.4268727,-94.6835243
200379571001,968,37.434176,-94.6943071
200379571002,845,37.4322183,-94.7022718
200379571003,998,37.4217706,-94.6997022
200379572001,1462,37.4258818,-94.7453148
200379572002,727,37.4266375,-94.7101218
200379573001,1547,37.3731402,-94.7437382
200379573002,1514,37.3914305,-94.7101775
200379574001,1117,37.4083008,-94.7159743
200379574002,1012,37.4019331,-94.7164353
200379575001,911,37.4126298,-94.7050039
200379575002,755,37.4048593,-94.7049375
200379575003,847,37.3993926,-94.704973
200379576011,1835,37.3891313,-94.6521363
200379576012,1330,37.3854385,-94.6907892
200379576013,1241,37.3549307,-94.6646654
200379576023,1427,37.3927402,-94.6959229
200379576021,987,37.4037024,-94.693607
200379576022,952,37.3854535,-94.6999792
200399513003,979,39.8311362,-100.5022488
200399513001,728,39.8190159,-100.5634672
200399513002,1057,39.7838278,-100.4583464
200410841001,1593,38.9944509,-97.205178
200410841002,821,39.0865608,-97.1595655
200410841003,1560,38.9771447,-96.998014
200410842001,1009,38.9128368,-97.3592788
200410842002,1381,38.7567307,-97.2630132
200410843001,1509,38.925264,-97.2428134
200410843002,770,38.9025359,-97.2293921
200410844001,1055,38.9226859,-97.1889511
200410844002,1598,38.9256955,-97.2166823
200410844003,1097,38.9169555,-97.2151653
200410844004,1055,38.9361917,-97.1954739
200410845001,1031,38.8557945,-97.0231853
200410845002,824,38.6849369,-97.0427145
200410845003,943,38.9201377,-97.1217821
200410846001,1068,38.6791797,-96.9392978
200410846002,1088,38.6718449,-96.9557569
200430201001,479,39.8995833,-95.2589876
200430201002,996,39.8290182,-95.2879523
200430201003,584,39.7454649,-95.2606675
200430202003,527,39.7013582,-95.1224392
200430202001,639,39.8262357,-95.0933952
200430202002,955,39.7767645,-95.0586479
200430203002,700,39.7387592,-94.9981808
200430203001,1178,39.8358153,-94.9600568
200430203003,636,39.7618686,-94.8935525
200430203004,816,39.7433979,-94.904505
200450001001,1268,38.9815192,-95.2248078
200450001002,662,39.0183539,-95.2290445
200450001003,845,38.9762164,-95.2025935
200450002011,670,38.9644745,-95.2149072
200450002012,1448,38.9485552,-95.1975772
200450002023,1262,38.9535076,-95.2296793
200450002021,2037,38.9658111,-95.2309894
200450002022,649,38.9585051,-95.2296967
200450002024,1023,38.9535255,-95.2187247
200450003013,1633,38.9610921,-95.2391896
200450003011,1535,38.9656334,-95.2458483
200450003012,1302,38.9656539,-95.2394013
200450003023,367,38.9567302,-95.2376398
200450003021,1013,38.9526948,-95.2388553
200450003022,501,38.952201,-95.2450604
200450004002,3301,38.9515848,-95.2652842
200450004001,1583,38.9580365,-95.2472234
200450005011,1684,38.9835919,-95.248822
200450005012,1446,38.9756862,-95.2504333
200450005021,1116,38.9702895,-95.2555753
200450005022,2595,38.9627429,-95.2555248
200450005023,1303,38.9703553,-95.2433396
200450006021,1992,38.9504018,-95.3219351
200450006022,2010,38.9684608,-95.3177932
200450006023,2513,38.963238,-95.3207454
200450006031,3470,38.9867948,-95.2881228
200450006032,1781,38.9747272,-95.2899676
200450006033,4920,38.9851628,-95.318131
200450006041,1642,38.9895169,-95.2710951
200450006042,1073,38.9843542,-95.2686001
200450006043,2616,38.9773791,-95.2703193
200450007011,1688,38.962083,-95.301176
200450007012,2373,38.9660427,-95.2947472
200450007031,2036,38.967922,-95.2815937
200450007032,937,38.9605846,-95.2819052
200450007041,2253,38.9608047,-95.2680053
200450007042,1182,38.9681473,-95.2674275
200450007971,1145,38.9463433,-95.2745607
200450007972,1544,38.950256,-95.2849696
200450007973,2255,38.9495171,-95.2988486
200450008011,1247,38.9316749,-95.3083033
200450008013,1897,38.9355818,-95.2839908
200450008012,964,38.935324,-95.296535
200450008014,1792,38.9390273,-95.2932264
200450008023,1997,38.9392448,-95.2697297
200450008021,2363,38.9319967,-95.269927
200450008022,1499,38.9215429,-95.2698899
200450009021,427,38.9312287,-95.2560737
200450009022,765,38.9317976,-95.2465642
200450009023,1208,38.9196109,-95.2511214
200450009031,1790,38.9464041,-95.2511554
200450009041,1019,38.9391821,-95.2441565
200450009042,1776,38.9383915,-95.2516645
200450009043,1126,38.9392148,-95.2578211
200450010011,1474,38.9463994,-95.232628
200450010012,1180,38.9279146,-95.2326385
200450010023,2518,38.9368892,-95.21335
200450010021,1775,38.944281,-95.2188075
200450010022,1592,38.9270093,-95.1976455
200450012011,1787,38.8849569,-95.2004169
200450012023,1956,38.9377445,-95.0874741
200450012021,2178,38.9019687,-95.1226775
200450012022,2311,38.9357085,-95.1037465
200450012024,1168,38.9086649,-95.0738608
200450012031,1681,38.7890455,-95.2229483
200450012032,2346,38.7870464,-95.1161842
200450012033,1185,38.7730215,-95.1739652
200450012034,1949,38.7750396,-95.1955956
200450014001,1872,38.8571417,-95.3164899
200450014002,1504,38.9572509,-95.4272665
200450014003,1383,38.8141352,-95.4113026
200450015001,1358,39.0156015,-95.3269319
200450015002,1025,39.0350952,-95.4414698
200479696001,811,37.868754,-99.1312356
200479696002,581,37.8970538,-99.4143313
200479697001,723,37.92326,-99.4123172
200479697002,792,37.9295842,-99.4191258
200499651001,498,37.4775965,-96.1349714
200499651002,644,37.4875437,-96.2829579
200499651003,905,37.4571502,-96.402134
200499651004,436,37.358608,-96.0499713
200510726001,1178,38.8568707,-99.1508798
200510726002,1431,38.9176457,-99.1698265
200510727014,925,38.8818841,-99.3133299
200510727015,1005,38.874582,-99.3039818
200510727011,1136,38.8688509,-99.3091959
200510727012,1131,38.8902412,-99.3099016
200510727013,1056,38.8817852,-99.3040499
200510727023,940,38.9040202,-99.2760068
200510727021,1238,38.838328,-99.2868629
200510727022,978,38.871466,-99.2950957
200510728013,1253,38.8876174,-99.3319228
200510728011,1266,38.8913965,-99.3220227
200510728012,1125,38.8967201,-99.3297636
200510728014,1161,38.8819464,-99.3237306
200510728021,1749,38.9081377,-99.3599765
200510728022,1022,38.8929154,-99.3422344
200510728023,598,38.8817723,-99.3392513
200510729013,860,38.8775629,-99.3337204
200510729011,985,38.8753722,-99.3282022
200510729012,924,38.8719921,-99.3216475
200510729023,1075,38.8697967,-99.3356566
200510729021,949,38.838389,-99.3540025
200510729022,1670,38.8709378,-99.3471267
200510730003,952,38.9427983,-99.5767249
200510730001,1160,38.9178279,-99.461186
200510730002,1167,38.9330573,-99.541882
200530866002,1120,38.6985505,-98.0666517
200530866001,858,38.6041948,-98.3379904
200530867001,1341,38.7766188,-98.3528633
200530867002,771,38.7219056,-98.2327247
200530867003,781,38.745192,-98.218342
200530867004,1505,38.7473117,-98.2338737
200559601001,1001,38.1346859,-100.6544596
200559601002,2634,37.9992745,-101.023826
200559601003,861,37.841534,-100.8896738
200559602002,1382,37.9830939,-100.8878206
200559602004,1691,37.9835736,-100.8700058
200559602001,1002,38.0274562,-100.9028776
200559602003,1404,37.9874695,-100.8775761
200559602005,1360,37.9775356,-100.8788209
200559603003,1076,37.971086,-100.859664
200559603002,923,37.9715898,-100.8696266
200559603001,953,37.9769412,-100.8655209
200559604011,1192,37.9810308,-100.8599921
200559604012,793,37.9866767,-100.8597978
200559604031,1671,37.9822788,-100.8490376
200559604032,948,37.9858426,-100.8391005
200559604041,1996,37.9936895,-100.8602924
200559604042,2201,38.029278,-100.8309949
200559605011,951,37.9828113,-100.8100096
200559605012,1550,37.9493922,-100.7957312
200559605031,1148,37.9073973,-100.8235731
200559605051,1594,37.9629027,-100.8665602
200559605071,783,37.9722714,-100.845909
200559605072,1001,37.9632435,-100.8459595
200559605081,1468,37.9710548,-100.8323082
200559605082,1734,37.9637269,-100.8304992
200559606001,2120,37.9876992,-100.9253271
200559606002,824,37.9737006,-100.8871299
200559606003,1140,37.9699117,-100.8790488
200559606004,1069,37.9163411,-100.9021622
200579616001,616,37.7745951,-99.7111927
200579616002,1357,37.8618618,-100.0008604
200579617002,1077,37.592815,-99.9455517
200579617001,795,37.5418861,-99.6116604
200579618013,795,37.7689819,-100.0106143
200579618011,1191,37.7616355,-100.0087248
200579618012,1484,37.7741083,-100.004726
200579618014,1008,37.7618045,-100.0143531
200579618021,1802,37.7873593,-100.019476
200579618022,1465,37.8030826,-99.9679261
200579618023,1539,37.7577036,-99.946668
200579619011,1615,37.7612832,-100.0476856
200579619012,1750,37.7618558,-100.0199373
200579619013,1164,37.7616058,-100.0265547
200579619022,957,37.7692649,-100.0284158
200579619021,1861,37.7932406,-100.0697034
200579619023,1059,37.7728314,-100.0201001
200579620001,721,37.7548563,-100.0258724
200579620002,832,37.7556787,-100.0345246
200579620004,1073,37.71481,-100.0696611
200579620003,1179,37.7470254,-100.0711402
200579620005,1133,37.7287313,-100.0253981
200579621011,1688,37.7547161,-100.0159523
200579621012,934,37.7515089,-99.994078
200579621013,1942,37.7440849,-100.0085951
200579621022,1794,37.7150042,-99.9563505
200579621021,1456,37.7136966,-100.0131129
200599541011,1562,38.632277,-95.4317393
200599541012,861,38.5569363,-95.4270124
200599541013,1424,38.6992157,-95.3825103
200599541021,1423,38.7289707,-95.0869486
200599541022,1016,38.710707,-95.0856146
200599541023,656,38.6991124,-95.1960249
200599542001,1115,38.6411832,-95.2820692
200599542002,1777,38.6225716,-95.2453727
200599543002,1477,38.6128292,-95.2769865
200599543004,956,38.6005481,-95.2726027
200599543001,1527,38.5934274,-95.3040355
200599543003,1481,38.6012003,-95.2810528
200599544003,948,38.6066047,-95.2636255
200599544001,1499,38.5878536,-95.2663986
200599544002,1486,38.6136448,-95.2615291
200599544004,841,38.5950001,-95.2488669
200599545001,1124,38.6247222,-95.128005
200599545005,801,38.4305151,-95.294847
200599545002,1095,38.5378959,-95.1775197
200599545003,1028,38.4432332,-95.1537207
200599545004,1054,38.5146965,-95.3092852
200599545006,845,38.4498482,-95.4233943
200610001002,807,39.055502,-96.8099793
200610001001,772,39.0340837,-96.8154876
200610001003,524,39.0427045,-96.8232752
200610002001,1228,39.0415364,-96.8434997
200610002003,688,39.0424327,-96.8346549
200610002002,766,39.0332936,-96.8350227
200610003003,1053,39.028955,-96.8575802
200610003001,789,39.0407173,-96.8517344
200610003002,760,39.0322422,-96.8440447
200610003004,1059,39.0553769,-96.8565959
200610003005,1291,39.0381568,-96.8568592
200610004011,1863,39.0161232,-96.8535027
200610004012,1098,39.0046516,-96.8515379
200610004013,1239,39.0113228,-96.8479567
200610004021,850,39.0227384,-96.8440362
200610004022,801,39.0176361,-96.8430269
200610005003,782,39.0230161,-96.8352475
200610005001,549,39.0282502,-96.8352214
200610005002,661,39.0210219,-96.8245677
200610005004,677,39.0145231,-96.8331382
200610006012,4532,39.0748904,-96.8459414
200610006011,1127,39.0666527,-96.8211182
200610006021,1199,39.06208,-96.7736455
200610006022,1709,39.0781402,-96.7988049
200610007001,1090,38.9675475,-96.6688991
200610007002,1663,39.0400981,-96.791039
200610008011,889,39.0305594,-96.8800643
200610008012,1516,39.0223862,-96.8680292
200610008023,411,39.0440945,-96.9238336
200610008021,1698,39.1503984,-96.9039518
200610008022,2648,38.9423135,-96.8949168
200639553003,1046,38.9248032,-100.6341952
200639553001,699,38.9019265,-100.3098454
200639553002,973,39.059918,-100.2505522
200659523003,886,39.3492593,-99.8840565
200659523001,756,39.3714344,-99.8737418
200659523002,773,39.3604317,-99.8231393
200679636001,1377,37.5618282,-101.3069593
200679637003,628,37.5796032,-101.358823
200679637001,1155,37.596386,-101.355151
200679637002,1144,37.5992965,-101.3728621
200679637004,2416,37.5621598,-101.3345462
200679637005,632,37.5736792,-101.3795951
200699626001,635,37.9160062,-100.4313725
200699626002,966,37.8156709,-100.3851977
200699626003,1168,37.8117212,-100.3071794
200699627001,679,37.5456555,-100.3980229
200699627002,1019,37.6204853,-100.4338552
200699627003,1186,37.7156258,-100.4721381
200719581001,650,38.4698849,-101.7545551
200719581002,634,38.4804088,-101.8059926
200739656001,775,38.1451936,-96.1326023
200739656002,1200,37.9867233,-96.2324077
200739657001,1317,37.844282,-96.2902281
200739657002,1138,37.8079702,-96.2616333
200739658001,754,37.7248673,-96.0881278
200739658002,832,37.7042596,-96.3709944
200759586001,1489,37.9972807,-101.6501751
200759586002,1029,38.0001217,-101.9025771
200779616001,697,37.2767716,-97.9319602
200779616002,1273,37.2847716,-98.0279344
200779617001,705,37.1564958,-98.1339874
200779617002,591,37.2538279,-98.2300607
200779618001,748,37.1621168,-98.0494465
200779618002,1471,37.1583851,-97.9964695
200790301001,970,38.0507996,-97.3138132
200790301002,675,38.0623671,-97.3306122
200790301004,1922,38.0746118,-97.327627
200790301003,944,38.0562293,-97.341516
200790302004,618,38.0516307,-97.3486017
200790302001,1085,38.0618539,-97.3506339
200790302002,1329,38.0510782,-97.3654375
200790302003,1610,38.0624504,-97.3621202
200790302005,635,38.0653021,-97.3975024
200790303001,841,38.0415646,-97.3523647
200790303002,1675,38.0294932,-97.3932313
200790303003,1711,38.0200227,-97.3457718
200790303004,1499,38.0262321,-97.3559046
200790304004,874,38.0391457,-97.335193
200790304001,1564,38.0276087,-97.3348831
200790304002,778,38.0415408,-97.3422257
200790304003,699,38.0480931,-97.3377911
200790304005,1088,38.0305467,-97.3157682
200790305002,1227,38.1007251,-97.562148
200790305004,1742,38.1336543,-97.4318801
200790305001,708,38.1090728,-97.2086731
200790305003,2453,38.1275616,-97.3377801
200790306013,1433,37.9268737,-97.4271003
200790306011,845,37.9672182,-97.2350574
200790306012,1242,37.978973,-97.3822124
200790306021,1228,38.0140357,-97.5186687
200790306022,1111,37.9922642,-97.5186492
200790306023,1518,37.9677555,-97.6049311
200814631003,1121,37.4342661,-100.9800074
200814631001,644,37.6206755,-100.76648
200814631002,684,37.5366859,-100.9221625
200814631004,1331,37.4722105,-100.8402983
200834611001,860,38.0873398,-99.7342468
200834611002,863,38.087434,-100.0625245
200850826004,625,39.5772414,-95.73544
200850826001,1757,39.3064283,-95.6554819
200850826002,1282,39.25266,-95.6871146
200850826003,788,39.5360386,-95.623821
200850826005,700,39.3914926,-95.6571016
200850827001,1476,39.4841365,-95.7261926
200850827002,1219,39.4483777,-95.7290336
200850827003,790,39.4623781,-95.7304472
200850827004,567,39.4646376,-95.7427543
200850828001,1561,39.4863979,-95.9023644
200850828002,2467,39.3132369,-95.8846578
200870201011,1149,39.1838627,-95.5709707
200870201012,1808,39.1063219,-95.5112134
200870201013,1431,39.2685428,-95.5203286
200870201014,1629,39.1945906,-95.5101885
200870201021,1310,39.0935106,-95.3773221
200870201022,1671,39.2140249,-95.4132657
200870202003,1033,39.3545751,-95.2460391
200870202001,1165,39.3366729,-95.4618709
200870202002,1553,39.3605012,-95.4472177
200870203004,1284,39.1235284,-95.2179751
200870203001,1763,39.2461819,-95.3142632
200870203002,1112,39.2416041,-95.217456
200870203003,1460,39.1230653,-95.303688
200895763002,962,39.7834639,-98.2019939
200895763003,1042,39.8829624,-98.2015062
200895763001,928,39.6621249,-98.2409127
200910500002,695,39.0416653,-94.6166013
200910500005,680,39.0363823,-94.6254329
200910500001,744,39.0415108,-94.6267185
200910500003,751,39.0389398,-94.609706
200910500004,817,39.0362988,-94.6165173
200910500006,1378,39.0299674,-94.6174704
200910501004,684,39.0318216,-94.6349628
200910501001,1313,39.0402034,-94.6450923
200910501002,1196,39.0393655,-94.6356224
200910501003,1196,39.0332725,-94.644314
200910502001,919,39.0269162,-94.6427697
200910502002,1004,39.026767,-94.6536981
200910502003,1193,39.0331525,-94.6537132
200910502004,643,39.0402012,-94.6534157
200910503011,1020,39.0275812,-94.6622789
200910503012,875,39.0334503,-94.6635693
200910503013,630,39.0384894,-94.6672962
200910503014,1602,39.0397368,-94.6615123
200910503022,696,39.0180732,-94.660122
200910503021,1103,39.0212509,-94.6495754
200910504003,1479,39.0224109,-94.6847126
200910504001,1412,39.0339822,-94.6768683
200910504002,1075,39.0186008,-94.6723382
200910504004,930,39.0257363,-94.672424
200910505001,680,39.0119419,-94.6731025
200910505002,744,39.0060967,-94.6698372
200910505003,1083,39.0068622,-94.6801321
200910506001,1183,39.0076941,-94.6630214
200910506002,893,39.0114513,-94.6536146
200910506003,744,38.996754,-94.663033
200910506004,677,39.0042604,-94.6542214
200910506005,1068,38.9967341,-94.6537178
200910507002,735,39.0178023,-94.6342012
200910507001,856,39.0247592,-94.6335629
200910507003,1411,39.0096935,-94.6351182
200910507004,1179,39.0094813,-94.6444128
200910507005,640,39.0173661,-94.6423416
200910508001,778,39.0206195,-94.6125509
200910508002,1163,39.021514,-94.6242216
200910508003,758,39.011621,-94.6234359
200910509001,961,39.0104317,-94.6137087
200910509003,1633,38.9966668,-94.6234879
200910509002,1210,39.0038243,-94.6183283
200910509004,924,38.9967143,-94.61226
200910510001,1068,38.9967366,-94.6446175
200910510002,981,39.0011621,-94.6366249
200910510003,1009,38.9971151,-94.6339879
200910510004,705,39.0022104,-94.6456455
200910511001,946,38.9967561,-94.6723734
200910511002,1230,38.9894848,-94.6723806
200910511003,693,38.9894612,-94.6817246
200910511004,656,38.9967526,-94.6817424
200910512001,1875,38.9775892,-94.6718569
200910512002,645,38.9741299,-94.6806209
200910512003,1670,38.9813772,-94.6807741
200910513003,1283,38.982195,-94.6630105
200910513001,1442,38.9896532,-94.6547527
200910513002,899,38.9892102,-94.6639216
200910513004,902,38.9822162,-94.6536829
200910514001,952,38.9891396,-94.6450427
200910514002,738,38.9898368,-94.6359702
200910514003,719,38.9827267,-94.6353312
200910514004,829,38.9822374,-94.6442553
200910515003,1193,38.9870105,-94.6228382
200910515001,801,38.9914319,-94.6234551
200910515002,1005,38.980849,-94.6274917
200910515004,1116,38.9887273,-94.6122745
200910516001,1076,38.9812828,-94.61635
200910516002,1028,38.9673065,-94.6114309
200910516003,1976,38.9624057,-94.6226505
200910516004,1560,38.9728735,-94.6216962
200910517003,1671,38.9379582,-94.6201269
200910517001,882,38.9531496,-94.625696
200910517002,2201,38.9485496,-94.6174758
200910518011,1267,38.9622951,-94.6348016
200910518012,2053,38.9678126,-94.6439865
200910518013,839,38.9737241,-94.6343594
200910518031,850,38.9675307,-94.6723711
200910518032,1129,38.9673087,-94.6817175
200910518033,961,38.9600713,-94.6816787
200910518034,1391,38.960222,-94.6723734
200910518045,636,38.937574,-94.6710119
200910518041,1403,38.9531755,-94.6770245
200910518042,888,38.9458247,-94.681508
200910518043,998,38.9458867,-94.6722695
200910518044,1248,38.937834,-94.6801756
200910518052,1017,38.9458043,-94.6532861
200910518054,821,38.9530041,-94.6629609
200910518051,1061,38.9457501,-94.6624186
200910518053,1540,38.9366201,-94.6580804
200910518055,1138,38.953219,-94.6534747
200910518061,821,38.9531186,-94.6347234
200910518065,1227,38.9370582,-94.6443578
200910518062,971,38.9530927,-94.644043
200910518063,972,38.9457784,-94.6440224
200910518064,789,38.9457653,-94.6346644
200910518066,610,38.9374634,-94.6349495
200910518071,995,38.9749514,-94.6536464
200910518072,894,38.974925,-94.6629873
200910518073,1050,38.9676883,-94.653658
200910518074,928,38.9604062,-94.6536809
200910518081,662,38.9676414,-94.6653135
200910518082,1077,38.9676644,-94.6606531
200910518083,0,38.9604847,-94.6654009
200910518084,903,38.9602669,-94.6607722
200910519024,1049,38.9607948,-94.6910166
200910519021,956,38.967126,-94.6900567
200910519022,822,38.9680286,-94.6966492
200910519023,1499,38.9597925,-94.699847
200910519041,2234,38.9385369,-94.7141405
200910519042,1246,38.9457347,-94.7184054
200910519043,1056,38.9459187,-94.709612
200910519044,562,38.9588932,-94.7123107
200910519045,1220,38.9528842,-94.7144444
200910519071,1353,38.9741664,-94.7042147
200910519072,1467,38.9746096,-94.6979282
200910519073,1005,38.9748631,-94.6910045
200910519081,1715,38.9384099,-94.6953583
200910519094,1077,38.9528289,-94.6901845
200910519091,1670,38.9529125,-94.7000353
200910519092,1254,38.9456473,-94.700108
200910519093,1546,38.945465,-94.6906436
200910519101,867,38.9818419,-94.6984046
200910519102,1302,38.9820699,-94.7029394
200910519111,1982,38.9893801,-94.6957563
200910519112,1426,38.9821339,-94.6910401
200910519121,1679,38.9674948,-94.706972
200910519122,792,38.9608074,-94.7083916
200910520011,1614,39.006496,-94.6899634
200910520012,643,38.9961452,-94.6920267
200910520041,15,39.0007468,-94.6972644
200910520042,0,39.011549,-94.6966953
200910520043,1686,39.0040247,-94.7023116
200910520051,808,39.0110997,-94.7191957
200910520052,1136,38.9974921,-94.7190925
200910520053,940,39.0047693,-94.7191695
200910520061,1391,39.0111446,-94.7098754
200910520062,895,39.0042229,-94.7097422
200910520063,1328,38.9969489,-94.7098463
200910521011,913,39.0185924,-94.6990146
200910521012,838,39.0259585,-94.6980963
200910521021,1229,39.0260797,-94.7145531
200910521022,712,39.0187928,-94.709989
200910521023,728,39.0188408,-94.7192242
200910522011,828,39.0410964,-94.6815461
200910522012,986,39.0360004,-94.6938231
200910522013,1784,39.0367085,-94.7017261
200910522022,1521,39.0366555,-94.719247
200910522021,1912,39.0366851,-94.709911
200910523041,1523,39.0184528,-94.7330725
200910523042,1842,39.011072,-94.7330851
200910523043,1578,39.0037634,-94.7331158
200910523051,1724,39.0403915,-94.7386361
200910523052,1265,39.033085,-94.736149
200910523053,1867,39.0258221,-94.7341174
200910523062,1969,39.0362701,-94.7654165
200910523061,1602,39.0288386,-94.7697209
200910523073,1792,39.0064669,-94.7533367
200910523071,1136,39.0041849,-94.7727208
200910523072,932,39.0034675,-94.7477444
200910523081,1071,39.018373,-94.751821
200910523082,909,39.0157068,-94.7727043
200910523083,1541,39.0125595,-94.7541619
200910524101,837,38.9926663,-94.7700143
200910524102,1059,38.9818661,-94.7655798
200910524105,1035,38.9748365,-94.7737445
200910524103,792,38.9820227,-94.7730369
200910524104,1499,38.9745763,-94.7662298
200910524111,1794,38.996189,-94.7513265
200910524112,1293,38.9891464,-94.751634
200910524141,1815,38.9823529,-94.7513827
200910524142,2203,38.9752088,-94.7519193
200910524151,2009,38.9637443,-94.7653112
200910524152,1533,38.9640627,-94.7726713
200910524161,1995,38.963811,-94.7566237
200910524162,983,38.9688024,-94.7468118
200910524163,740,38.9626125,-94.7458357
200910524164,774,38.9616205,-94.7498212
200910524171,981,38.9597803,-94.7350049
200910524172,1662,38.9666281,-94.7397106
200910524173,746,38.9677731,-94.7317777
200910524183,1541,38.9888405,-94.718496
200910524181,1047,38.9901474,-94.7098197
200910524182,895,38.9913586,-94.7219564
200910524192,1864,38.989708,-94.7362018
200910524191,1396,38.9966811,-94.7325085
200910524193,1525,38.9890816,-94.7264872
200910524211,1711,38.9820053,-94.729012
200910524212,1055,38.9818747,-94.7383033
200910524213,1326,38.9746728,-94.7329717
200910524214,696,38.9798702,-94.7211575
200910524221,1151,38.9454708,-94.7372192
200910524224,1626,38.938286,-94.73172
200910524222,1353,38.9456858,-94.7282192
200910524223,628,38.9403069,-94.7424318
200910524233,954,38.9584338,-94.7264134
200910524231,971,38.9524525,-94.7323398
200910524232,931,38.9513703,-94.726296
200910525021,1641,39.0184267,-94.8023418
200910525051,1450,38.9814786,-94.7779011
200910525052,1623,38.9747502,-94.7872552
200910525061,1489,38.9484181,-94.7967678
200910525071,987,38.964965,-94.7776066
200910525072,2199,38.9630577,-94.7989667
200910526041,2254,38.9957371,-94.8669189
200910526061,1992,39.0197684,-94.8621145
200910526071,10,39.0352385,-94.8818883
200910526072,2641,39.0150427,-94.8798781
200910526081,1914,38.9709072,-94.8359366
200910526082,2205,38.9570569,-94.829121
200910526083,2299,38.9467957,-94.8369444
200910526091,1970,38.9758772,-94.8858162
200910526092,1564,38.9639081,-94.8623533
200910526093,2448,38.9545809,-94.8820879
200910526103,0,39.0526642,-94.8397477
200910526101,1979,39.0367481,-94.8370217
200910526102,2183,39.0360263,-94.8298703
200910526104,2084,39.0425784,-94.8323157
200910526111,1380,38.9940917,-94.831446
200910526112,1063,38.9939888,-94.8477468
200910526121,1300,39.0405086,-94.8473584
200910526122,1815,39.0333454,-94.8468573
200910526133,1939,39.0221833,-94.8462344
200910526131,1570,39.0256595,-94.8293746
200910526132,907,39.0115906,-94.8471425
200910526134,1270,39.0120986,-94.830322
200910526135,1564,39.0187295,-94.8312631
200910527012,1462,38.9729128,-95.0163278
200910527011,0,38.9895328,-94.9309855
200910527013,1286,38.9684436,-94.9313676
200910527014,1379,38.967279,-94.9681846
200910527015,1256,38.9792929,-94.9446744
200910527021,776,38.9220933,-94.9288224
200910527022,1463,38.9104652,-94.997326
200910528031,1257,38.8875641,-94.829963
200910528032,1070,38.8924064,-94.8226117
200910528033,1810,38.8947641,-94.8299708
200910528041,1896,38.9203035,-94.8715834
200910528042,1257,38.9354838,-94.8719532
200910528043,1678,38.9382149,-94.8976006
200910528055,1581,38.9018392,-94.8591547
200910528051,1907,38.8923336,-94.8577621
200910528052,1320,38.9036422,-94.8910594
200910528053,1687,38.889339,-94.8656585
200910528054,1656,38.8959439,-94.8456775
200910528061,1131,38.9010129,-94.8301439
200910528062,3024,38.9067182,-94.8242974
200910528063,1908,38.9067378,-94.8409907
200910528071,2428,38.9200082,-94.8252922
200910528072,864,38.9200165,-94.8437219
200910528073,1538,38.9342863,-94.8343427
200910529042,1437,38.9016316,-94.80176
200910529041,732,38.90315,-94.8109685
200910529043,1305,38.9088524,-94.8023523
200910529051,2828,38.9075996,-94.7864429
200910529052,1761,38.8946021,-94.7931403
200910529061,984,38.8870919,-94.801175
200910529062,1496,38.8942466,-94.8023316
200910529063,2474,38.8920686,-94.813119
200910529071,752,38.9013482,-94.7650676
200910529072,2265,38.9013049,-94.7760303
200910529073,21,38.9138014,-94.7662441
200910529074,1507,38.9072215,-94.7686203
200910529081,1955,38.8879822,-94.7696431
200910529082,873,38.8951704,-94.7767174
200910529083,1757,38.8949848,-94.7684225
200910529084,1107,38.8902533,-94.7844075
200910529102,1997,38.9184411,-94.8076376
200910529101,1569,38.9194304,-94.7868732
200910529103,752,38.9344625,-94.8068588
200910530041,1844,38.9311842,-94.7304626
200910530042,1812,38.9201356,-94.7329546
200910530051,1794,38.9291927,-94.7493509
200910530061,1539,38.9237942,-94.7468688
200910530062,1491,38.916508,-94.7558792
200910530063,714,38.9164446,-94.7465917
200910530071,1319,38.9092178,-94.7559663
200910530072,1228,38.9037479,-94.7537297
200910530073,1094,38.9010581,-94.7503343
200910530074,1267,38.9094748,-94.7467346
200910530081,2005,38.907828,-94.7360259
200910530082,1428,38.902833,-94.7269294
200910530083,1430,38.9034657,-94.7324565
200910530091,2007,38.9055477,-94.7144255
200910530092,889,38.8955787,-94.710149
200910530093,2310,38.8882877,-94.7076119
200910530102,1094,38.8954512,-94.7188514
200910530105,1329,38.8881809,-94.7278537
200910530101,1331,38.8877143,-94.7375279
200910530103,1036,38.8884008,-94.7194264
200910530104,836,38.8948268,-94.735894
200910530106,455,38.8959301,-94.7268613
200910530111,127,38.885449,-94.7469605
200910530112,2106,38.8916693,-94.7523326
200910530121,707,38.9313211,-94.7188363
200910530122,2535,38.9205135,-94.7189925
200910530131,574,38.9158127,-94.7097396
200910530132,362,38.9295068,-94.7092061
200910530133,1403,38.9212692,-94.7107719
200910531013,2113,38.9184222,-94.6981505
200910531011,786,38.9144237,-94.6907357
200910531012,1262,38.9225068,-94.6899561
200910531014,2,38.9295838,-94.6970134
200910531021,2125,38.9166357,-94.6783245
200910531022,615,38.9305468,-94.6776721
200910531023,1907,38.9235427,-94.6758993
200910531052,773,38.9094849,-94.6886394
200910531051,693,38.9111871,-94.6936434
200910531053,686,38.904553,-94.6801013
200910531054,1154,38.9095979,-94.6788163
200910531081,2144,38.9078251,-94.698162
200910531082,2060,38.9013555,-94.6958529
200910531091,919,38.895292,-94.6834972
200910531092,1989,38.8895373,-94.6807283
200910531093,42,38.9010099,-94.682222
200910531101,2007,38.8884673,-94.6942049
200910531102,1838,38.8955347,-94.6948254
200910532011,829,38.9202193,-94.6443614
200910532012,1346,38.9057627,-94.6631539
200910532013,293,38.9224715,-94.6562601
200910532021,1944,38.9054699,-94.653911
200910532022,1998,38.9058988,-94.6440606
200910532031,2107,38.8896726,-94.6571509
200910532032,2118,38.891013,-94.6445266
200910532033,911,38.8953747,-94.6628869
200910532034,513,38.8945809,-94.6720192
200910533011,2494,38.9090233,-94.6238609
200910533012,1406,38.9228937,-94.6338161
200910533013,1293,38.92289,-94.6188225
200910533022,1599,38.8965032,-94.6257587
200910533024,1705,38.8893856,-94.6170274
200910533021,2103,38.8940209,-94.6353065
200910533023,1731,38.9016688,-94.6155451
200910534032,1609,38.8765041,-94.7464738
200910534031,2389,38.876254,-94.7557147
200910534092,668,38.8753401,-94.6098931
200910534091,1158,38.8767288,-94.6392309
200910534093,1984,38.8766935,-94.6208717
200910534111,1696,38.8514551,-94.6565641
200910534112,1270,38.8328,-94.6584582
200910534113,2486,38.8448011,-94.6596397
200910534132,2068,38.8621899,-94.6545732
200910534131,2014,38.8615352,-94.6637638
200910534143,715,38.8805693,-94.6628627
200910534141,2136,38.8738418,-94.6648397
200910534142,2056,38.8756225,-94.653053
200910534152,1067,38.8801222,-94.6720187
200910534151,1469,38.8764957,-94.6813995
200910534153,1731,38.8728067,-94.6720932
200910534171,2164,38.8619441,-94.6818345
200910534172,1814,38.8618333,-94.6725254
200910534181,1972,38.8399158,-94.6722717
200910534182,586,38.8327766,-94.6816665
200910534183,2274,38.8471237,-94.6814718
200910534191,1656,38.8764206,-94.693495
200910534211,2493,38.8783915,-94.7378772
200910534212,1680,38.875263,-94.7303191
200910534221,2247,38.8764143,-94.7120924
200910534231,1936,38.8626512,-94.7105317
200910534232,1993,38.8647509,-94.6956841
200910534233,1507,38.8579376,-94.6949871
200910534253,0,38.8482472,-94.7383677
200910534251,17,38.8256484,-94.7516908
200910534252,1263,38.8475259,-94.7564307
200910534254,1927,38.8475002,-94.7470464
200910534262,1315,38.8592632,-94.7553897
200910534264,1391,38.8617616,-94.7294052
200910534261,788,38.8661266,-94.7569289
200910534263,1941,38.8627789,-94.7469373
200910534271,1760,38.847402,-94.7144305
200910534272,1837,38.8381223,-94.7317361
200910534273,3162,38.8328406,-94.7144768
200910534282,2159,38.8473197,-94.6957378
200910534281,2134,38.8327667,-94.6957644
200910534291,2296,38.862018,-94.6192772
200910534292,2416,38.8619539,-94.6398716
200910534302,2570,38.8474428,-94.6398117
200910534301,2326,38.8329262,-94.6398988
200910534311,1519,38.8479412,-94.6205357
200910534312,1119,38.8342186,-94.6181768
200910535021,1104,38.876602,-94.7913748
200910535022,2563,38.8761041,-94.784568
200910535061,1559,38.8798902,-94.7705286
200910535062,2231,38.8726326,-94.76998
200910535073,922,38.8571059,-94.7669319
200910535071,1632,38.8652431,-94.7742289
200910535072,1215,38.8581048,-94.7758212
200910535074,760,38.8613118,-94.7652561
200910535075,1001,38.8662559,-94.7649822
200910535081,1066,38.8603162,-94.8032949
200910535083,1304,38.8599986,-94.7926436
200910535085,1358,38.8577943,-94.7838204
200910535082,963,38.8674587,-94.7917367
200910535084,1381,38.8648363,-94.7831545
200910535094,1424,38.8444396,-94.7839035
200910535091,942,38.8425636,-94.7924185
200910535092,1711,38.849927,-94.7933748
200910535093,1482,38.8513752,-94.7846746
200910535095,1319,38.8474643,-94.8066226
200910535104,1466,38.850216,-94.7756408
200910535101,1137,38.8436038,-94.7655006
200910535102,1824,38.8506165,-94.7668545
200910535103,1079,38.8428769,-94.7752141
200910535551,811,38.8822822,-94.8205157
200910535552,627,38.8841635,-94.810558
200910535553,674,38.8806146,-94.8104733
200910535561,1534,38.877137,-94.7975264
200910535562,1063,38.8744123,-94.8029958
200910535571,951,38.8724767,-94.8190248
200910535572,1362,38.8737387,-94.8110208
200910535581,1572,38.8236402,-94.8082772
200910535582,1853,38.8326566,-94.8006101
200910535591,1931,38.8239844,-94.7878284
200910535592,1674,38.8364893,-94.792704
200910535601,1270,38.8186065,-94.7700386
200910535602,1206,38.8331355,-94.766277
200910535603,1968,38.8328529,-94.7753921
200910536012,1279,38.8723879,-94.8280637
200910536011,819,38.8801065,-94.8292514
200910536031,9,38.8635223,-94.8107007
200910536032,1344,38.8399686,-94.8439058
200910536033,1624,38.8763999,-94.8809447
200910536041,854,38.8805383,-94.8392527
200910536044,2010,38.8732369,-94.8392507
200910536042,1586,38.8798491,-94.8483966
200910536043,1004,38.8725528,-94.8487132
200910537011,1699,38.7602809,-95.0103344
200910537012,1007,38.8040599,-95.0116511
200910537031,1867,38.8028396,-94.9203677
200910537032,1509,38.8037365,-94.9113057
200910537051,1706,38.8023687,-94.9046794
200910537052,1609,38.8092544,-94.8981715
200910537072,2608,38.8217029,-94.9158963
200910537071,942,38.8195279,-94.9234979
200910537073,1664,38.8135581,-94.915204
200910537091,1908,38.8117181,-94.9376316
200910537092,2007,38.8217267,-94.9363938
200910537093,2461,38.8123526,-94.9556533
200910537113,1991,38.8468969,-94.9374473
200910537111,2325,38.8618269,-94.8901708
200910537112,750,38.8322945,-94.8880258
200910537121,1204,38.7915048,-94.9206828
200910537122,1552,38.8020073,-94.9344519
200910537123,12,38.7832764,-94.9536474
200910537124,1954,38.7676128,-94.9096317
200910538011,608,38.769822,-94.8507952
200910538012,1246,38.8038315,-94.8480278
200910538013,2046,38.7455347,-94.8325187
200910538014,1114,38.7596566,-94.8227854
200910538015,1481,38.7528513,-94.7880228
200910538016,1118,38.7898602,-94.7914408
200910538031,2319,38.7601375,-94.6429677
200910538032,1760,38.8037338,-94.6420763
200910538044,1499,38.7701727,-94.7169826
200910538041,987,38.8086323,-94.7392168
200910538042,2018,38.8144836,-94.7049807
200910538043,0,38.7962962,-94.6956967
200919800011,18,38.9389307,-94.7687085
200919800031,1,38.9873099,-94.8011267
200919800041,7,38.9765916,-94.7101586
200919800051,1,38.980487,-94.7159329
200919801001,0,38.9635175,-94.7185252
200939591001,1574,38.0009977,-101.3204967
200939591003,1456,37.9511765,-101.2938248
200939591002,953,37.9362064,-101.2438622
200959611001,1137,37.4944961,-97.9588279
200959611002,1207,37.6615755,-97.9382411
200959612001,889,37.6593881,-98.1019173
200959612003,1227,37.6289367,-98.1162091
200959612002,1303,37.6609823,-98.1331997
200959613001,829,37.4920646,-98.2744
200959613002,878,37.6685018,-98.2991665
200979691001,904,37.5552909,-99.2934229
200979691002,732,37.6151279,-99.0690205
200979691003,824,37.6055521,-99.2961508
200999501001,1572,37.3495139,-95.2244118
200999501002,1289,37.335687,-95.2539304
200999502001,762,37.3347988,-95.2679631
200999502002,1240,37.340172,-95.2615721
200999503001,1073,37.3624627,-95.3098517
200999503002,943,37.3479588,-95.2809012
200999503003,760,37.3473406,-95.2726587
200999504003,1244,37.3296759,-95.2765303
200999504001,1228,37.3072016,-95.2933935
200999504002,742,37.3368365,-95.2804175
200999505003,1758,37.2928785,-95.4345678
200999505001,1105,37.2696944,-95.1975002
200999505002,1101,37.180913,-95.286689
200999506001,994,37.107577,-95.2496191
200999506002,1235,37.0788677,-95.4216467
200999507001,1168,37.1627218,-95.1204339
200999507002,805,37.170534,-95.0900552
200999508001,1165,37.0525577,-95.1067291
201019566001,830,38.5169821,-100.5011126
201019566002,744,38.3750579,-100.363822
201030701001,1286,39.3221615,-94.9110586
201030701002,788,39.3209038,-94.9171004
201030702001,1247,39.3242829,-94.9334401
201030702002,893,39.3226505,-94.9255867
201030702003,645,39.3239935,-94.9217766
201030703001,1632,39.3062624,-94.9422879
201030703002,1642,39.322566,-94.9470712
201030703003,893,39.314081,-94.9475975
201030703004,681,39.3160251,-94.9282159
201030703005,980,39.3145731,-94.9357705
201030704001,663,39.3129355,-94.9196702
201030704002,907,39.3055717,-94.9241698
201030704003,1226,39.3059215,-94.9163768
201030704004,585,39.3084589,-94.9072261
201030705002,1151,39.2967705,-94.9119458
201030705003,993,39.2929407,-94.9017657
201030705001,1065,39.2942074,-94.9196132
201030705004,2548,39.2757423,-94.907344
201030707002,920,39.2983392,-94.9302829
201030707001,1689,39.2955777,-94.9419102
201030707003,1464,39.2862964,-94.9237653
201030707004,814,39.286101,-94.9322971
201030709002,1161,39.3676598,-95.1198989
201030709001,1673,39.3692067,-95.0040282
201030710001,1277,39.2568302,-95.099555
201030710002,2068,39.2888022,-94.9956226
201030710003,823,39.2281432,-94.9810671
201030711021,1151,39.2721909,-94.8828517
201030711022,2257,39.2449999,-94.8556683
201030711023,1389,39.2177444,-94.8639426
201030711031,2952,39.2747771,-94.9397437
201030711041,2616,39.2184825,-94.927149
201030711051,1388,39.2449854,-94.9096637
201030711052,747,39.2632431,-94.9092855
201030711053,2352,39.2558995,-94.9093802
201030711054,368,39.2494954,-94.9376337
201030712023,1079,39.0689266,-94.9610053
201030712021,1913,39.1001844,-94.9380255
201030712022,1426,39.0933505,-94.9950218
201030712041,2781,39.1354602,-94.9490713
201030712042,1920,39.1349488,-94.9230407
201030712051,2198,39.1766002,-94.9267828
201030712052,721,39.1305665,-94.9878299
201030712053,925,39.1734398,-94.9995792
201030714001,1639,39.0316746,-94.9752905
201030714002,1181,39.0029663,-95.0348376
201030714003,672,38.9997489,-95.1237766
201030714004,538,39.0403982,-95.1589355
201030716001,1122,39.1105787,-95.1556667
201030716002,1826,39.1661612,-95.1032849
201030718004,1586,39.1091488,-95.070371
201030718001,1178,39.0717698,-95.1027926
201030718002,824,39.1056376,-95.0888483
201030718003,1141,39.1183634,-95.0978122
201030718005,1841,39.0966884,-95.0462339
201039819005,0,39.3784254,-94.9339508
201039819001,1291,39.3498329,-94.9424919
201039819002,1802,39.3327601,-94.9335608
201039819003,1704,39.3392651,-94.9372468
201039819004,1594,39.3496267,-94.9312954
201039819006,1761,39.3507704,-94.918905
201039819007,284,39.3744089,-94.9103892
201050861004,715,39.0171742,-98.1435456
201050861001,972,39.0825269,-98.1662917
201050861002,598,39.074884,-98.1322124
201050861003,654,38.9540719,-98.3231783
201079551011,991,38.2254209,-94.8350293
201079551012,1789,38.3244102,-94.9156207
201079551021,1026,38.3668301,-94.7107961
201079551022,650,38.3249692,-94.6767881
201079551023,919,38.3658832,-94.7642875
201079552001,776,38.1097515,-94.9483492
201079552002,1256,38.1310378,-94.7977097
201079552003,842,38.1596019,-94.7412416
201079552004,657,38.1668324,-94.6991798
201079552005,685,38.0909236,-94.6894835
201099546001,772,38.9167062,-101.1492343
201099546002,826,39.1253237,-100.8604993
201099546003,1164,39.1267119,-100.8331156
201110001011,1036,38.4153396,-96.1744286
201110001012,1228,38.4090975,-96.1766192
201110001013,1165,38.408266,-96.1690286
201110001021,284,38.4173487,-96.1794015
201110001031,1431,38.4127237,-96.1514538
201110002013,1078,38.4141081,-96.1985626
201110002011,1080,38.4216542,-96.1916026
201110002012,1372,38.426577,-96.2016818
201110002021,2425,38.4244048,-96.2210236
201110002031,934,38.4217736,-96.2126572
201110003001,1052,38.4066851,-96.1950752
201110003002,932,38.4094316,-96.198416
201110003003,928,38.4092814,-96.2111118
201110003004,684,38.3998844,-96.2290944
201110003005,901,38.4005388,-96.1966775
201110003006,485,38.3863078,-96.1945916
201110004002,716,38.4140643,-96.1855431
201110004004,816,38.4060937,-96.1854219
201110004001,603,38.4177266,-96.1855167
201110004003,753,38.4104943,-96.1846958
201110005003,1134,38.3971429,-96.1808341
201110005001,757,38.3928028,-96.1563803
201110005002,844,38.4025434,-96.1787579
201110005004,1564,38.3858892,-96.1732299
201110006001,863,38.674686,-96.1539069
201110006002,1364,38.530551,-96.0870642
201110007001,1358,38.5284526,-96.2813963
201110007002,983,38.3754967,-96.2808839
201110008001,1089,38.2436769,-96.2463339
201110008002,696,38.243328,-96.0457613
201110008003,1624,38.386227,-96.0515745
201137881002,1171,38.3841159,-97.5286101
201137881003,796,38.3841908,-97.4086747
201137881001,881,38.5077367,-97.4962021
201137882001,2330,38.5898461,-97.6808851
201137882002,1648,38.5631174,-97.6594093
201137883001,769,38.2558236,-97.8441255
201137883002,1144,38.4432775,-97.7968402
201137883003,862,38.5712907,-97.792397
201137884002,1316,38.384847,-97.671227
201137884003,1092,38.4056673,-97.6668741
201137884001,2449,38.3856903,-97.6394685
201137884004,1583,38.3784315,-97.6578287
201137885001,903,38.3697372,-97.6652984
201137885002,804,38.369404,-97.6721448
201137886001,1699,38.3546565,-97.6426017
201137886002,1604,38.372341,-97.6494208
201137886003,1866,38.3588756,-97.6994578
201137886004,1231,38.366135,-97.6542519
201137887001,813,38.3265759,-97.4925234
201137887002,1458,38.2390033,-97.7758316
201137887003,1933,38.2369963,-97.4559353
201137887004,748,38.1875665,-97.5184176
201137887005,1123,38.2388242,-97.6605296
201154895001,782,38.5222301,-97.2175772
201154895002,732,38.5033701,-96.9577378
201154896002,955,38.3605151,-97.1824773
201154896003,853,38.3408748,-97.2060175
201154896001,986,38.3570907,-97.2517918
201154896004,1014,38.3558524,-97.2125709
201154897001,923,38.3410862,-97.0059702
201154897002,1024,38.355272,-97.0082247
201154897003,852,38.3693025,-96.9944593
201154898002,1174,38.2322404,-97.3078349
201154898001,877,38.2320231,-97.160726
201154898003,567,38.1303061,-97.1164496
201154898004,1084,38.1941341,-96.9555473
201170407011,924,39.7043091,-96.4064802
201170407012,915,39.7120145,-96.3937407
201170605101,1295,39.8333526,-96.6317214
201170605102,1691,39.8484931,-96.6390999
201170605103,769,39.8368363,-96.6493887
201170701821,960,39.6712291,-96.6756941
201170701822,1258,39.6913689,-96.6956269
201170901861,1192,39.9213595,-96.3516148
201170901862,1034,39.9255042,-96.63364
201199666001,622,37.1896293,-100.3955174
201199666002,1084,37.264567,-100.5896755
201199666003,755,37.3866711,-100.2546381
201199667001,1594,37.3010184,-100.3630168
201211001001,1490,38.7059515,-94.8755879
201211001002,666,38.6404569,-94.8804048
201211001003,23,38.6791445,-94.9217179
201211001004,1442,38.6798322,-94.9980441
201211002001,1891,38.7314267,-94.8255828
201211002002,1252,38.7098776,-94.8264498
201211002003,1175,38.7045599,-94.7551819
201211002004,975,38.6479846,-94.7567222
201211003001,1297,38.6800831,-94.644987
201211003002,876,38.6280628,-94.6667636
201211003003,995,38.6281134,-94.6852042
201211004001,1387,38.504097,-94.6499875
201211004002,947,38.6125569,-94.6868136
201211004003,733,38.6172598,-94.6807082
201211004004,1416,38.6135677,-94.6668548
201211005001,1037,38.4332491,-94.9323971
201211005002,983,38.4481029,-94.7650243
201211005004,714,38.5152168,-94.836201
201211005003,1463,38.5717735,-94.7685876
201211006011,748,38.5662431,-94.8640469
201211006014,730,38.6006523,-94.853982
201211006012,1302,38.554652,-94.8811686
201211006013,683,38.5668433,-94.8919031
201211006015,1342,38.5753003,-94.8754062
201211006016,1468,38.5847633,-94.8659478
201211006021,1805,38.5795139,-94.9755629
201211007006,1110,38.4946769,-94.9894513
201211007001,724,38.5203473,-94.9279624
201211007002,546,38.4986294,-94.9423354
201211007003,803,38.4811507,-94.9486732
201211007004,604,38.4975092,-94.9544768
201211007005,650,38.4965213,-94.9610269
201211007007,914,38.4823495,-95.0161048
201231766002,785,39.4538775,-98.1341404
201231766004,1242,39.4625144,-98.1046469
201231766003,935,39.4809089,-98.1161727
201231766001,1073,39.3888871,-98.0230878
201231767001,727,39.3523062,-98.3092365
201231767002,1034,39.5267188,-98.2991878
201259501002,951,37.3152135,-95.6273717
201259501001,993,37.3091282,-95.8425296
201259502001,2507,37.2722457,-95.5570263
201259503001,909,37.2485335,-95.7027671
201259503002,1120,37.2342936,-95.7134084
201259503003,966,37.2443316,-95.7199307
201259503004,1088,37.2507539,-95.740079
201259504001,1112,37.2257541,-95.7091284
201259504002,1038,37.2259742,-95.6968163
201259505001,814,37.2276696,-95.7189089
201259505002,652,37.2076687,-95.7461629
201259506003,772,37.217058,-95.7081731
201259506001,701,37.2165272,-95.6881248
201259506002,1337,37.1894948,-95.7154933
201259507001,883,37.1466263,-95.8671593
201259507002,901,37.0359144,-95.8049507
201259507003,1003,37.1046713,-95.7281208
201259507004,912,37.1595172,-95.5924566
201259508001,1555,37.0442309,-95.6815346
201259508002,802,37.042026,-95.6482296
201259508003,808,37.0178042,-95.6745523
201259508004,1276,37.0872776,-95.647845
201259510001,916,37.0361362,-95.6239003
201259510002,982,37.0380597,-95.6182988
201259511001,460,37.0471089,-95.6180487
201259511002,745,37.0382901,-95.6350492
201259511003,1118,37.0456478,-95.6341022
201259513001,975,37.0403836,-95.9391739
201259513002,1124,37.014795,-95.9064916
201259514001,1127,37.0305594,-95.5690032
201259514002,939,37.0179124,-95.6291659
201279636003,951,38.7603595,-96.8104851
201279636001,1064,38.7584272,-96.5587382
201279636002,906,38.5895666,-96.6420455
201279637002,1051,38.6656791,-96.5065653
201279637001,745,38.719041,-96.4681294
201279637003,669,38.6494149,-96.4976282
201299646001,750,37.1943988,-101.7974811
201299646002,889,37.016377,-101.9171535
201299646003,1062,37.0168662,-101.881093
201314801001,1745,39.8885081,-95.844933
201314801002,1729,39.894862,-95.8161292
201314802001,1040,39.8407083,-96.0747408
201314802002,1421,39.8441854,-96.0712506
201314802004,738,39.9489514,-96.0637308
201314802003,1051,39.8226445,-96.0700945
201314803001,932,39.6714801,-95.8885761
201314803002,967,39.6602642,-96.0970721
201314803003,650,39.7402169,-96.1739699
201339516005,672,37.5762941,-95.2735098
201339516001,766,37.4723694,-95.1298095
201339516002,697,37.6678949,-95.1871626
201339516003,748,37.5666848,-95.1628718
201339516004,826,37.6759886,-95.3488957
201339517001,561,37.7064268,-95.4444197
201339517002,578,37.6881668,-95.4560176
201339517003,1227,37.7085146,-95.4957204
201339518002,902,37.6785164,-95.4642829
201339518004,714,37.6735384,-95.4580902
201339518001,1261,37.673794,-95.4997147
201339518003,1114,37.6407114,-95.4935054
201339519002,994,37.6721242,-95.4524278
201339519001,1132,37.6759669,-95.4415907
201339519003,947,37.6421583,-95.4341392
201339520001,1399,37.5053192,-95.3238302
201339520002,1366,37.442993,-95.4367423
201359563002,732,38.4653396,-99.9462386
201359563001,672,38.4631604,-99.8845131
201359563003,650,38.4658235,-99.7597392
201359563004,633,38.4959183,-100.0955276
201379517001,1426,39.8554942,-99.744794
201379517002,786,39.8521347,-99.9015382
201379517003,1273,39.8322507,-99.8975827
201379517004,1033,39.802553,-99.8904453
201379517005,941,39.7727462,-99.925743
201390101001,709,38.8242551,-95.702214
201390101004,740,38.8056206,-95.5556775
201390101002,794,38.8094231,-95.6920396
201390101003,892,38.8191529,-95.6641152
201390101005,1084,38.7823545,-95.5564391
201390102002,1109,38.7592003,-95.8333753
201390102001,807,38.8159022,-95.8506345
201390102003,921,38.7673607,-95.7702287
201390103001,1132,38.5792543,-95.8302288
201390103002,874,38.4918597,-95.6077024
201390104001,1301,38.6434192,-95.8210285
201390104002,1669,38.6224099,-95.8293337
201390105001,1741,38.693124,-95.6180135
201390105002,1251,38.6071569,-95.6986212
201390105003,742,38.5839786,-95.5883478
201414741004,731,39.4043914,-98.7030888
201414741001,898,39.4936793,-98.5606975
201414741002,907,39.3149752,-98.7978934
201414741003,964,39.5081542,-98.7079486
201430856001,1357,39.0038514,-97.5526524
201430856002,651,39.1637193,-97.5069659
201430857001,892,39.0338202,-97.7915931
201430857002,740,39.2164349,-97.8059863
201430857003,1111,39.108819,-97.6915303
201430857004,984,39.1441047,-97.7058529
201459702002,972,38.1849447,-99.0991906
201459702003,913,38.1772508,-99.0971775
201459702005,1112,38.1602566,-99.1133654
201459702001,1087,38.1817401,-99.0727412
201459702004,721,38.1742357,-99.1597972
201459703001,722,38.2071781,-99.4323286
201459703002,726,38.1642715,-99.1243788
201474751001,580,39.8816399,-99.1967939
201474751002,465,39.6578174,-99.2085441
201474752002,655,39.6466556,-99.4973332
201474752001,707,39.8681443,-99.4831981
201474753001,832,39.7702503,-99.3377066
201474753002,1038,39.7347815,-99.3547891
201474753003,704,39.7338714,-99.3086916
201490001012,1104,39.2707768,-96.4749104
201490001011,1393,39.2938129,-96.2922903
201490001021,2238,39.1959926,-96.4113747
201490001022,1594,39.2173026,-96.4311847
201490001023,313,39.1846489,-96.5045676
201490001024,3828,39.2096189,-96.5004121
201490002002,1152,39.2044328,-96.3092679
201490002001,1940,39.2186412,-96.3422704
201490002003,1199,39.2026787,-96.2735034
201490002004,1700,39.1844341,-96.3491922
201490003001,1259,39.2951745,-96.1386727
201490003002,2198,39.2128602,-96.0670204
201490003003,1288,39.179372,-96.0827266
201490004001,1029,39.4678031,-96.1961175
201490004003,1165,39.4463356,-96.5461902
201490004002,749,39.4941473,-96.1781022
201490004004,1199,39.3801097,-96.4376365
201519686001,1022,37.6774937,-98.5929666
201519686002,895,37.6249253,-98.8545057
201519687001,1286,37.6574625,-98.7139783
201519687002,1391,37.6569925,-98.7628009
201519687003,888,37.6488407,-98.7347838
201519688001,1397,37.6225226,-98.7145238
201519688002,911,37.624411,-98.7727395
201519688003,1367,37.642306,-98.7442342
201539506001,1382,39.7883783,-101.0179649
201539506002,1179,39.7850394,-101.0782087
201550001001,894,38.0943296,-97.8845377
201550001002,796,38.0929418,-97.8994044
201550001003,1672,38.080762,-97.8965634
201550002003,1393,38.0772268,-97.9093513
201550002004,655,38.0683273,-97.9175739
201550002001,1121,38.0897662,-97.9165303
201550002002,865,38.0794903,-97.9177355
201550003003,1414,38.0831028,-97.9320108
201550003001,2574,38.0957601,-97.9246774
201550003002,961,38.0895189,-97.9291725
201550003004,1969,38.0815821,-97.9507627
201550004001,771,38.0747257,-97.9505618
201550004002,666,38.074858,-97.9437948
201550004003,767,38.0692622,-97.94769
201550004004,1217,38.0650577,-97.9507906
201550005004,623,38.065735,-97.9272814
201550005006,642,38.0624885,-97.9266441
201550005001,1199,38.0741673,-97.9270342
201550005002,1028,38.0751736,-97.9363426
201550005003,908,38.0688886,-97.9362467
201550005005,958,38.0634824,-97.9362364
201550006002,909,38.0537727,-97.9364303
201550006003,732,38.058046,-97.9268721
201550006001,972,38.0512881,-97.9272876
201550007003,1148,38.0591631,-97.908324
201550007001,647,38.0492994,-97.9146337
201550007002,1180,38.068959,-97.9064941
201550007004,845,38.0620546,-97.9175454
201550007005,680,38.0567556,-97.9174633
201550007006,643,38.052416,-97.9155491
201550008001,888,38.0531086,-97.9545813
201550008002,609,38.0437387,-97.9321439
201550008003,555,38.0327239,-97.9189248
201550008004,1062,38.0380842,-97.9084942
201550010001,998,38.0623344,-97.8990927
201550010002,1078,38.0543274,-97.8927674
201550011002,1721,38.1008976,-97.8405395
201550011003,1510,38.0612585,-97.8551275
201550011001,2137,38.1323692,-97.9160943
201550012001,1224,38.1268626,-97.9847735
201550012002,2153,38.0761135,-97.9763181
201550013001,1438,38.0126183,-97.9233255
201550013002,1315,38.0290064,-97.9770849
201550014001,1323,37.914717,-97.7635117
201550014002,997,37.9775114,-98.0698676
201550014003,1581,37.8979246,-97.8617258
201550014004,992,37.9954709,-97.7908694
201550015001,916,38.1476664,-97.8649556
201550015002,1534,38.1522967,-97.7607276
201550015003,841,38.0788337,-97.7514426
201550016001,852,38.1090358,-98.175596
201550016002,917,38.146358,-98.0464646
201550017001,644,37.8196838,-98.3453896
201550017002,915,37.9391587,-98.1819426
201550017003,699,38.0290064,-98.373888
201550018001,1308,37.8100425,-98.053175
201550018002,842,37.7728998,-97.8248398
201579781001,560,39.9163739,-97.5219244
201579781002,512,39.7393745,-97.500773
201579782001,656,39.9163883,-97.7861288
201579782002,773,39.7509467,-97.8085162
201579783001,711,39.839262,-97.6150802
201579783002,708,39.8279278,-97.6516108
201579783003,754,39.8117788,-97.6083489
201599671001,1231,38.4383577,-98.0571513
201599671002,939,38.4382575,-98.346837
201599672003,782,38.3251167,-98.2304378
201599672001,812,38.3469597,-98.2023699
201599672002,966,38.3694116,-98.2019577
201599672004,1227,38.3258935,-98.1743948
201599673001,1392,38.1953749,-98.1968702
201599673002,935,38.2129533,-98.2067955
201599673003,1143,38.2588957,-98.1997243
201610002012,2119,39.2269504,-96.5660018
201610002011,1069,39.235367,-96.5990386
201610002022,1622,39.2047219,-96.5394731
201610002021,1767,39.2025771,-96.56194
201610002023,1807,39.2107115,-96.5652205
201610002024,1618,39.2161052,-96.5680968
201610003031,845,39.1956301,-96.5902069
201610003032,2106,39.1927265,-96.5904998
201610003041,1398,39.1983557,-96.6028077
201610003043,1925,39.1898135,-96.5968659
201610003042,1112,39.198707,-96.6104411
201610005002,837,39.1883601,-96.5739862
201610005003,849,39.1920729,-96.574169
201610005001,1423,39.1891606,-96.5665799
201610005004,1168,39.1984813,-96.5692491
201610006011,721,39.1910562,-96.6194216
201610006012,759,39.1946344,-96.6189883
201610006013,746,39.1978484,-96.6286204
201610006014,798,39.199816,-96.6197553
201610006015,749,39.1949131,-96.6344315
201610006022,2060,39.1678893,-96.6262631
201610006021,1125,39.1716232,-96.6633114
201610006023,3254,39.1813035,-96.6287637
201610007004,1130,39.1827931,-96.5859837
201610007001,780,39.1776954,-96.6024926
201610007002,1120,39.1835384,-96.5984269
201610007003,781,39.175699,-96.589614
201610008011,919,39.182787,-96.5807153
201610008012,749,39.1834917,-96.5750377
201610008015,658,39.181936,-96.5662209
201610008013,634,39.182049,-96.5716481
201610008014,826,39.1851321,-96.5650168
201610008022,1257,NA,NA
201610008021,827,NA,NA
201610009004,723,39.1158134,-96.4612454
201610009001,762,39.1091305,-96.7073784
201610009002,997,39.1358545,-96.6834292
201610009003,1676,39.1579052,-96.6102834
201610009005,972,39.1145069,-96.6112403
201610010027,493,39.0926802,-96.8005754
201610010021,510,39.0928978,-96.8113085
201610010022,4598,39.1089741,-96.8096306
201610010023,978,39.1094302,-96.7732969
201610010024,621,39.0905943,-96.8207774
201610010025,368,39.0952691,-96.8182809
201610010026,711,39.0915399,-96.8060707
201610011011,2300,39.2057952,-96.5847514
201610011012,1971,39.1998294,-96.5923475
201610011021,1053,39.2143097,-96.6078101
201610011022,1099,39.2070405,-96.6123848
201610011023,1581,39.2067621,-96.6030518
201610013013,1023,39.2126965,-96.6526796
201610013011,1140,39.2067664,-96.6209441
201610013012,1874,39.2129436,-96.6263205
201610013023,642,39.2399827,-96.6888329
201610013021,1593,39.3357137,-96.7045077
201610013022,1449,39.3023478,-96.8263056
201610013024,1266,39.4658785,-96.8233711
201619800001,1,39.2163093,-96.8195119
201639746001,766,39.4268751,-99.3182452
201639746002,1516,39.4361264,-99.2682566
201639747001,734,39.2088525,-99.3399534
201639747002,854,39.2468705,-99.2947561
201639747003,1049,39.2196289,-99.3221679
201659723003,1050,38.5205822,-99.3289193
201659723001,794,38.5215832,-99.3147239
201659723002,1112,38.5403461,-99.1762251
201679738002,809,38.8994312,-98.891228
201679738004,594,38.8899468,-98.8599708
201679738005,688,38.8921809,-98.850545
201679738001,669,38.9308765,-98.8194908
201679738003,850,38.8847283,-98.8659395
201679738006,940,38.856179,-98.8653341
201679739001,775,38.8504697,-98.959394
201679739002,829,39.0516397,-98.7331259
201679739003,537,38.8220154,-98.6594009
201690001011,900,38.8335661,-97.5996162
201690001012,1040,38.8339224,-97.589542
201690001013,886,38.8300922,-97.6088379
201690001023,692,38.8425381,-97.6077293
201690001021,737,38.8493556,-97.5871589
201690001022,823,38.8428106,-97.5986358
201690002001,736,38.8623545,-97.6170925
201690002002,1340,38.8538096,-97.6148494
201690003003,974,38.8403368,-97.6165822
201690003006,727,38.8290898,-97.6168496
201690003001,1047,38.8443438,-97.621086
201690003002,893,38.8345742,-97.6320224
201690003004,766,38.8346023,-97.6146447
201690003005,823,38.8344672,-97.6192502
201690004002,788,38.8235006,-97.6219999
201690004003,1169,38.8155179,-97.6172851
201690004001,984,38.8234974,-97.6157715
201690005001,1411,38.8219523,-97.6321494
201690005002,1210,38.8158642,-97.6266319
201690005003,2076,38.8089035,-97.6221885
201690005004,990,38.8020329,-97.6172652
201690006001,1182,38.788467,-97.6217115
201690006002,1694,38.7965673,-97.6573048
201690007001,4448,38.7915403,-97.5980732
201690007002,1722,38.7983659,-97.5990104
201690008001,1543,38.8089902,-97.605793
201690008002,2917,38.8052284,-97.5882307
201690009003,867,38.8234759,-97.6098258
201690009005,773,38.8161921,-97.6018721
201690009001,1628,38.8204743,-97.5879259
201690009002,843,38.8234345,-97.6028642
201690009004,1215,38.8162279,-97.6088148
201690009006,1392,38.8163159,-97.5932662
201690010001,3052,38.8367308,-97.5685812
201690010002,1620,38.8132751,-97.5691841
201690010003,1055,38.8376968,-97.5753229
201690011004,886,38.8272323,-97.7413965
201690011001,841,38.8681623,-97.4442615
201690011002,1065,38.9078937,-97.5581267
201690011003,1027,38.8849649,-97.8167006
201690012001,1119,38.7533843,-97.4923873
201690012002,806,38.6605995,-97.4804215
201690012003,995,38.6591523,-97.6552062
201690012004,601,38.6973269,-97.799988
201719571001,887,38.4823974,-100.9062632
201719571002,1262,38.4680934,-100.8883892
201719571003,1167,38.4607101,-100.9455148
201719571004,975,38.4787856,-100.9113147
201719571005,860,38.4896828,-100.9165075
201730001001,670,37.7318508,-97.3400835
201730001002,845,37.7262116,-97.3385893
201730001003,809,37.7262052,-97.3436383
201730001004,907,37.7254472,-97.3492327
201730002001,1545,37.7169352,-97.3506042
201730002002,1487,37.7138544,-97.3558931
201730003001,1052,37.7207329,-97.3419458
201730003002,933,37.71654,-97.3411287
201730003003,808,37.7134815,-97.3401132
201730003004,745,37.7085931,-97.3422808
201730003005,1190,37.7024328,-97.3409365
201730004002,707,37.7091774,-97.3316449
201730004003,996,37.7065114,-97.3241265
201730004001,1144,37.7055384,-97.3351709
201730006001,834,37.708015,-97.3123048
201730006002,1136,37.7124254,-97.3182753
201730007001,1540,37.7190979,-97.3047576
201730007002,995,37.7191578,-97.3140599
201730007003,879,37.7261229,-97.3129054
201730008001,569,37.7118455,-97.3036037
201730008002,548,37.7042244,-97.3029133
201730008003,1097,37.7081781,-97.3081662
201730009002,729,37.7116454,-97.2946447
201730009003,489,37.7061529,-97.2967304
201730009001,2293,37.7183243,-97.2903157
201730010003,1006,37.6981001,-97.2739461
201730010001,907,37.7007686,-97.2878991
201730010002,1249,37.7021204,-97.2826179
201730010004,679,37.6983218,-97.2786116
201730011001,602,37.6986105,-97.2954292
201730011003,813,37.6973211,-97.3024703
201730011002,687,37.6982582,-97.3086347
201730014001,707,37.7083157,-97.3588646
201730014002,940,37.7051489,-97.3509427
201730014003,1109,37.6984406,-97.3504739
201730014004,1068,37.6986452,-97.3625931
201730015001,923,37.6891584,-97.3579138
201730015002,1282,37.6912429,-97.37643
201730015003,794,37.6905094,-97.3677449
201730018001,844,37.6946265,-97.3127544
201730018002,1006,37.6892173,-97.3186381
201730019001,794,37.689906,-97.2959959
201730019002,1269,37.6899702,-97.3033877
201730020001,885,37.6901341,-97.2839852
201730020002,1170,37.691526,-97.2904451
201730022001,646,37.6843026,-97.2897539
201730022002,980,37.6820091,-97.2858356
201730023002,714,37.6844625,-97.3029299
201730023003,557,37.6819848,-97.3070529
201730023001,703,37.6828531,-97.2966033
201730024001,841,37.6789352,-97.3149141
201730024002,621,37.6809593,-97.3221928
201730026002,692,37.6752533,-97.3400142
201730026001,583,37.6758186,-97.3327995
201730027001,747,37.6752292,-97.3492658
201730027002,825,37.6798235,-97.3521908
201730028001,524,37.6849667,-97.3608407
201730028002,712,37.6800039,-97.3609214
201730028003,985,37.6753728,-97.3628294
201730028004,990,37.6828974,-97.3672281
201730029003,998,37.6778357,-97.3770853
201730029001,1280,37.6849786,-97.3761861
201730029002,631,37.677871,-97.3714143
201730030001,683,37.6714438,-97.3577685
201730030002,673,37.6666724,-97.3657878
201730030003,803,37.6713585,-97.3681317
201730031001,608,37.6608843,-97.3659774
201730031002,850,37.6668449,-97.3515732
201730031003,748,37.6625178,-97.3597839
201730032003,1375,37.6661595,-97.3354906
201730032001,689,37.6642789,-97.341322
201730032002,716,37.6667729,-97.3432606
201730034001,603,37.6721314,-97.3191857
201730034002,879,37.66481,-97.3205596
201730034003,840,37.6721458,-97.3257934
201730034004,729,37.6646519,-97.3277785
201730035001,1038,37.6756506,-97.2983704
201730035002,1059,37.6754632,-97.307578
201730036001,595,37.6774698,-97.2760197
201730036002,842,37.6736834,-97.2757554
201730036003,767,37.675525,-97.2832207
201730036004,1065,37.67611,-97.2897586
201730037001,1012,37.6677325,-97.2829026
201730037002,1010,37.6684399,-97.286747
201730038001,1115,37.6684569,-97.3036935
201730038002,728,37.6678422,-97.3126952
201730038003,759,37.6618944,-97.3094201
201730039004,1107,37.6551433,-97.3240338
201730039001,988,37.655289,-97.3193386
201730039002,679,37.6479042,-97.3210594
201730039003,747,37.6460626,-97.3278775
201730039005,907,37.6552622,-97.3289598
201730040002,1760,37.6489531,-97.3360358
201730040004,815,37.6566801,-97.345713
201730040001,1007,37.6570449,-97.3348353
201730040003,879,37.656996,-97.3406696
201730043011,1160,37.6860509,-97.3315447
201730043012,2881,37.6927344,-97.3354231
201730043021,971,37.685968,-97.3457847
201730043022,1065,37.6944598,-97.3464657
201730051003,1212,37.643982,-97.3491178
201730051004,1449,37.6299868,-97.3426843
201730051001,732,37.6577337,-97.3502055
201730051002,1311,37.6414866,-97.3408882
201730052002,1073,37.6533116,-97.359163
201730052003,760,37.6546559,-97.3688243
201730052001,1218,37.6568068,-97.3604312
201730052004,1278,37.647761,-97.3663165
201730053002,1109,37.6421275,-97.3572574
201730053005,663,37.6302711,-97.363428
201730053001,684,37.6483166,-97.3572091
201730053003,701,37.6349045,-97.355385
201730053004,656,37.6340349,-97.3597314
201730053006,835,37.6361095,-97.3661694
201730053007,1195,37.6415305,-97.3662562
201730054011,2023,37.6222812,-97.3880154
201730054012,1578,37.591732,-97.370335
201730054022,1077,37.6252594,-97.36174
201730054021,1766,37.6175295,-97.3624923
201730054023,2211,37.6033855,-97.3609408
201730055011,1995,37.5689464,-97.3391619
201730055012,1079,37.5702331,-97.357531
201730055013,905,37.5698777,-97.3659913
201730055014,851,37.5761994,-97.3391
201730055022,2248,37.5569583,-97.3396668
201730055021,2139,37.5564853,-97.3640154
201730055023,1187,37.5597628,-97.3561883
201730056001,2242,37.5949263,-97.3120354
201730056002,1443,37.575059,-97.3121203
201730056003,1168,37.5863359,-97.3385102
201730057003,1468,37.5970781,-97.3353539
201730057004,1555,37.6011857,-97.3470885
201730057001,829,37.6071135,-97.3320789
201730057002,670,37.6133901,-97.348233
201730057005,1159,37.6180322,-97.3454694
201730058001,1138,37.6141595,-97.2979149
201730058004,996,37.5911543,-97.2910226
201730058002,882,37.6082642,-97.2972836
201730058003,1034,37.6026727,-97.2971873
201730059001,1298,37.6262466,-97.3082473
201730059002,2370,37.6156406,-97.3216594
201730059003,829,37.6085354,-97.3160634
201730060001,880,37.6448561,-97.3167428
201730060002,644,37.629501,-97.3279463
201730060003,874,37.6334103,-97.3197213
201730060004,755,37.6329842,-97.3241203
201730060005,1346,37.6404878,-97.3222264
201730061002,895,37.646221,-97.301776
201730061001,975,37.6315167,-97.2940866
201730061003,1226,37.6430712,-97.3062135
201730062003,823,37.6518035,-97.3033517
201730062001,799,37.6534436,-97.3139564
201730062002,1152,37.657268,-97.3033874
201730062004,749,37.6559933,-97.3097822
201730063001,879,37.6609992,-97.2873328
201730063002,1206,37.6665613,-97.2943963
201730064001,1018,37.6549123,-97.290609
201730064002,774,37.6501699,-97.2860956
201730065001,546,37.6455161,-97.2957146
201730065002,925,37.6389622,-97.2950014
201730065003,1036,37.6400374,-97.2873338
201730065004,922,37.6469094,-97.289413
201730066001,810,37.634582,-97.2732427
201730066002,1711,37.620558,-97.2622684
201730067001,981,37.6521176,-97.2721257
201730067002,1381,37.6541148,-97.2770474
201730068001,920,37.6683058,-97.2781588
201730068003,796,37.6591949,-97.2758644
201730068002,1294,37.6610173,-97.2667145
201730068004,1365,37.6655644,-97.2747265
201730069001,1253,37.675719,-97.2667329
201730069002,786,37.668287,-97.2646961
201730069003,778,37.6683051,-97.2692791
201730070003,2134,37.6657283,-97.2552186
201730070001,834,37.6763623,-97.2576454
201730070002,714,37.671947,-97.2583402
201730071011,1379,37.6760087,-97.2470583
201730071012,763,37.6758097,-97.2352226
201730071023,928,37.6664588,-97.2290339
201730071021,1503,37.6664108,-97.2412916
201730071022,1558,37.6699119,-97.2345976
201730071024,907,37.6733661,-97.2302216
201730072011,853,37.6830078,-97.1986929
201730072012,2595,37.7012339,-97.1987359
201730072013,794,37.6931424,-97.2133553
201730072051,1321,37.6594156,-97.247235
201730072052,1014,37.660958,-97.2290973
201730072053,999,37.661486,-97.2342163
201730072062,762,37.6537789,-97.2426736
201730072061,2214,37.6538442,-97.2337096
201730072071,3572,37.6629477,-97.1987275
201730072082,2414,37.6729878,-97.2139654
201730072081,2099,37.6574276,-97.2215352
201730072083,1549,37.6576303,-97.2126836
201730073011,1225,37.7011477,-97.2354039
201730073012,1693,37.7046034,-97.2532485
201730073013,856,37.6974156,-97.2493885
201730073021,1500,37.690211,-97.235324
201730073022,2080,37.6855283,-97.2439543
201730075001,676,37.7111218,-97.2857794
201730075002,1900,37.7094168,-97.2781407
201730076001,1848,37.7164291,-97.2702728
201730076002,1052,37.7048494,-97.2682058
201730076003,1182,37.6973536,-97.2626897
201730077011,1749,37.7373046,-97.2847264
201730077012,1338,37.7329582,-97.2913228
201730077023,1247,37.724959,-97.2751429
201730077021,1219,37.726091,-97.2663263
201730077022,1373,37.7316684,-97.2765178
201730077024,1453,37.7336476,-97.2678527
201730078001,1355,37.7346364,-97.3073166
201730078002,651,37.728198,-97.3036119
201730078003,592,37.7245578,-97.3036123
201730080001,2288,37.8031746,-97.3128555
201730080002,1598,37.8016129,-97.3224425
201730080003,1268,37.7931319,-97.3286887
201730080004,1001,37.8031681,-97.3037811
201730081005,533,37.7865773,-97.338108
201730081001,1136,37.7947696,-97.3575584
201730081002,43,37.7444671,-97.3268925
201730081003,1713,37.7782187,-97.3648157
201730081004,1293,37.7652706,-97.3478114
201730082001,1692,37.7451293,-97.3403351
201730082002,1912,37.7338859,-97.3482597
201730082003,1553,37.7453017,-97.3510914
201730082004,1700,37.726597,-97.3550904
201730083003,697,37.7335541,-97.3719815
201730083004,692,37.7450819,-97.3699637
201730083001,1905,37.7501035,-97.3606168
201730083002,875,37.7342096,-97.3610199
201730084001,1151,37.7243077,-97.3624337
201730084003,1210,37.7238139,-97.368981
201730084002,976,37.7253463,-97.3784638
201730085001,1073,37.7138314,-97.3669601
201730085002,1327,37.7144016,-97.3761
201730086003,1519,37.713519,-97.394899
201730086001,1228,37.7198496,-97.3854366
201730086002,873,37.7123677,-97.3851488
201730087002,754,37.6988439,-97.3797512
201730087001,1120,37.7031788,-97.3720374
201730087003,834,37.7049266,-97.3811787
201730087004,1252,37.7070057,-97.3882437
201730088001,1027,37.7048144,-97.3956088
201730088002,688,37.6981707,-97.3928267
201730088003,764,37.6981462,-97.4004809
201730088004,1555,37.7014147,-97.4076722
201730088005,581,37.6976191,-97.385965
201730089003,1382,37.6807606,-97.3965941
201730089001,658,37.6888644,-97.4088527
201730089002,1390,37.6910757,-97.397059
201730090001,1332,37.68955,-97.3850674
201730090002,769,37.6803164,-97.384869
201730090003,839,37.6707501,-97.3820847
201730091004,941,37.6323089,-97.3772065
201730091001,741,37.6585712,-97.3800897
201730091002,1173,37.6451637,-97.3814378
201730091003,1737,37.6402808,-97.3748888
201730091005,945,37.6558329,-97.3945561
201730091006,1111,37.6341346,-97.3840535
201730092003,1162,37.6733991,-97.4539062
201730092001,1589,37.676165,-97.4239279
201730092002,122,37.653691,-97.4263166
201730093014,1089,37.6969847,-97.4245323
201730093011,1137,37.7029431,-97.4289071
201730093012,1814,37.7011678,-97.4373667
201730093013,1905,37.7047163,-97.4154626
201730093031,1523,37.6906743,-97.4352249
201730093032,1512,37.6834148,-97.435204
201730093041,1527,37.6870524,-97.417772
201730093042,962,37.6839231,-97.4227158
201730094012,1427,37.70224,-97.4589906
201730094011,1677,37.7017251,-97.4481121
201730094013,719,37.6990813,-97.4541454
201730094022,910,37.6856182,-97.4485733
201730094021,1473,37.6874813,-97.4572173
201730095041,1466,37.7170204,-97.458862
201730095042,1572,37.7119778,-97.4515997
201730095043,1406,37.7191864,-97.4489752
201730095051,1676,37.7030249,-97.4703185
201730095052,1297,37.6973337,-97.4749429
201730095062,2407,37.7155525,-97.4771406
201730095061,2312,37.7155549,-97.4678352
201730095073,1354,37.7224451,-97.490107
201730095071,2016,37.7005993,-97.4897439
201730095072,3287,37.7145086,-97.5440316
201730095081,851,37.6742396,-97.5712097
201730095082,1441,37.6568063,-97.5802217
201730095083,1178,37.6730184,-97.5586665
201730095093,873,37.6796251,-97.5273225
201730095091,4137,37.6787264,-97.507692
201730095092,490,37.6570299,-97.5166746
201730095094,1950,37.6697438,-97.544659
201730095101,2315,37.6644217,-97.4896427
201730095102,2614,37.6860864,-97.4896668
201730095111,1551,37.6719163,-97.471497
201730095112,2052,37.6589999,-97.4747259
201730095113,1280,37.6577985,-97.4529673
201730095114,2510,37.6556373,-97.4676014
201730095121,1159,37.6865073,-97.4784254
201730095123,1246,37.6864784,-97.465939
201730095122,1687,37.6861365,-97.4727154
201730095131,2534,37.7125744,-97.435172
201730095132,2114,37.7197016,-97.4354359
201730095141,2308,37.7303427,-97.4353448
201730095142,1502,37.7260272,-97.4066747
201730095151,1957,37.7288576,-97.4554761
201730095152,1389,37.7332749,-97.4487799
201730095153,2901,37.7297901,-97.4718565
201730096031,2765,37.6226645,-97.4128006
201730096041,862,37.5271034,-97.4965999
201730096042,786,37.4895444,-97.4962224
201730096043,1211,37.5050515,-97.5033829
201730096051,1896,37.6137048,-97.5427366
201730096052,3460,37.597055,-97.437234
201730096053,777,37.535968,-97.5376085
201730097002,1164,37.5135644,-97.35171
201730097003,1341,37.5190204,-97.4256115
201730097001,1815,37.5484027,-97.3055576
201730097004,850,37.5038095,-97.3002517
201730097005,818,37.5569856,-97.3795391
201730098012,782,37.5527628,-97.2668729
201730098011,1349,37.5588267,-97.2667273
201730098013,1100,37.5522087,-97.2748959
201730098014,1195,37.5281154,-97.2712001
201730098031,1513,37.5590617,-97.2485299
201730098032,2085,37.5519865,-97.2467927
201730098033,830,37.5547927,-97.2601727
201730098041,960,37.5442115,-97.2586314
201730098042,2613,37.5398185,-97.2518785
201730099013,1111,37.5442167,-97.2397741
201730099011,1587,37.5296736,-97.2529579
201730099012,1020,37.5387469,-97.1974384
201730099014,1406,37.5563618,-97.2292464
201730099023,738,37.5008306,-97.2565208
201730099025,1411,37.4982089,-97.2403814
201730099021,1391,37.4853572,-97.236578
201730099022,1619,37.4800131,-97.2482128
201730099024,752,37.4992162,-97.1989211
201730100011,1900,37.6648816,-97.1621355
201730100012,2698,37.6940941,-97.1621551
201730100021,2963,37.6647489,-97.1804
201730100022,2169,37.6939481,-97.180408
201730100031,2171,37.6443509,-97.2337956
201730100051,1295,37.5735638,-97.2663083
201730100052,1425,37.5663661,-97.2665911
201730100053,1269,37.5714774,-97.2839361
201730100061,1611,37.627335,-97.1961176
201730100073,2440,37.5855255,-97.2019264
201730100071,1794,37.5847647,-97.2608916
201730100072,891,37.5702964,-97.2578115
201730100074,2183,37.569293,-97.2493983
201730101061,1756,37.7566552,-97.2523777
201730101062,1295,37.7604516,-97.23486
201730101071,1597,37.7301828,-97.2580505
201730101072,1978,37.7304108,-97.2492124
201730101081,1101,37.7304866,-97.2406009
201730101082,1057,37.7302853,-97.231496
201730101091,1644,37.7192884,-97.2534606
201730101092,703,37.7193024,-97.2354351
201730101101,1579,37.7120003,-97.2442434
201730101114,1031,37.7642844,-97.2664224
201730101111,2970,37.7718872,-97.2520799
201730101112,1367,37.7744853,-97.2715445
201730101113,2528,37.7597713,-97.2744151
201730101131,1237,37.7910072,-97.280489
201730101132,1809,37.7604347,-97.298964
201730101133,1090,37.7850018,-97.3097049
201730101134,670,37.8152709,-97.3105272
201730101153,2052,37.7253058,-97.2180388
201730101151,3923,37.721921,-97.1877763
201730101152,2816,37.7121387,-97.1896983
201730101161,2093,37.7519908,-97.1870709
201730101162,2589,37.8441503,-97.2077965
201730102013,2224,37.8451242,-97.3779766
201730102011,2151,37.8304941,-97.369437
201730102012,943,37.8377854,-97.3693098
201730102024,700,37.8381948,-97.385375
201730102021,1515,37.8701823,-97.4295623
201730102022,1783,37.8685803,-97.2993129
201730102023,900,37.8718067,-97.3530299
201730103013,3506,37.7431533,-97.4557228
201730103011,2648,37.7473942,-97.4349113
201730103012,2774,37.7502322,-97.4205246
201730103023,1521,37.7990736,-97.4516166
201730103024,2023,37.784262,-97.3921059
201730103025,3482,37.7596761,-97.4674305
201730103021,1081,37.7790889,-97.4192036
201730103022,1139,37.7733273,-97.4661252
201730104001,1178,37.8833026,-97.5592639
201730104002,1032,37.8529198,-97.6279337
201730105001,2595,37.7805964,-97.5356164
201730105002,1991,37.7803086,-97.6444767
201730106001,1100,37.6636588,-97.6783306
201730106002,1563,37.6055069,-97.6431552
201730106003,1580,37.6932872,-97.6997131
201730107003,1150,37.6297854,-97.7830547
201730107001,921,37.5395281,-97.7099469
201730107002,1337,37.6246237,-97.7814584
201730108011,1413,37.7417696,-97.2664046
201730108012,1395,37.740503,-97.2424988
201730108021,1703,37.7495488,-97.2655603
201730108022,1293,37.7473903,-97.2384648
201730109001,1047,37.6901571,-97.2759478
201730109002,762,37.6830237,-97.2759007
201730109004,756,37.6854858,-97.2590914
201730109003,1216,37.6864527,-97.2670806
201759656002,1399,37.1303247,-100.9059432
201759656001,671,37.2724433,-100.7860733
201759657001,1735,37.0587895,-100.9075971
201759657002,1781,37.0654344,-100.931296
201759657003,1244,37.0582252,-100.9314433
201759658001,1130,37.0463431,-100.9583637
201759658002,959,37.0454055,-100.9373548
201759658003,1388,37.0472287,-100.9286842
201759658004,941,37.0418518,-100.9294016
201759659003,1432,37.0305199,-100.9264761
201759659001,1555,37.0374235,-100.9321275
201759659002,1205,37.0301246,-100.9358905
201759659004,1107,37.0214463,-100.9268987
201759659005,1146,37.0110411,-100.930866
201759660002,948,37.0395772,-100.9136465
201759660001,1499,37.0472717,-100.9184916
201759660003,1824,37.036538,-100.8990076
201770004002,988,39.0396435,-95.6942506
201770004001,676,39.0441693,-95.6909834
201770004003,1102,39.0398303,-95.6880986
201770004004,1272,39.0333113,-95.6898826
201770005002,556,39.0472473,-95.6872391
201770005003,821,39.050284,-95.6928849
201770005001,766,39.050903,-95.6855723
201770006002,565,39.0550187,-95.683019
201770006001,1016,39.062248,-95.6818943
201770006003,560,39.0565194,-95.6892675
201770007001,1080,39.084117,-95.6713631
201770007002,1677,39.0855229,-95.70125
201770008003,857,39.0740478,-95.6637222
201770008004,861,39.0665911,-95.6638825
201770008001,866,39.0919696,-95.6272266
201770008002,756,39.0776469,-95.6572785
201770009001,777,39.0681475,-95.6338423
201770009003,1463,39.0766381,-95.640242
201770009002,865,39.0632495,-95.6115497
201770010001,753,39.0590659,-95.6379684
201770010002,840,39.0606582,-95.6485617
201770010003,546,39.0561188,-95.6494928
201770010004,1021,39.0626857,-95.6498786
201770011001,1005,39.0495399,-95.6378441
201770011002,956,39.0505822,-95.6497852
201770011003,1077,39.0469589,-95.6558191
201770012001,738,39.0405327,-95.6587066
201770012002,1488,39.0336157,-95.6625443
201770013001,983,39.0279563,-95.6605954
201770013002,1687,39.0234331,-95.6607536
201770013003,779,39.0179548,-95.6562333
201770013004,632,39.0179958,-95.6655369
201770015002,766,39.0216388,-95.6860626
201770015003,717,39.0219623,-95.6742705
201770015001,654,39.0259496,-95.6924754
201770016011,1494,39.0264012,-95.7045052
201770016012,1123,39.0215448,-95.7123211
201770016031,1448,39.012898,-95.7201908
201770016032,1423,39.0084749,-95.7227579
201770016042,782,39.0118221,-95.7138213
201770016043,1373,39.0119307,-95.7047139
201770016041,1384,39.0046108,-95.7096998
201770018004,910,39.0414117,-95.7084427
201770018001,1014,39.0421778,-95.6994586
201770018002,1571,39.0338326,-95.7036224
201770018003,583,39.0420194,-95.7040394
201770019001,1056,39.0408398,-95.7141695
201770019002,776,39.0335489,-95.7144513
201770019003,638,39.0330006,-95.7209331
201770019004,679,39.0410493,-95.7207853
201770021004,1295,39.0543779,-95.7066633
201770021001,820,39.0537689,-95.6988496
201770021002,529,39.0477112,-95.7003053
201770021003,556,39.0476944,-95.7072475
201770022001,712,39.0685805,-95.6960615
201770022002,1057,39.0614383,-95.6925231
201770022003,762,39.0619868,-95.6999053
201770024011,1370,39.0583708,-95.7331359
201770024012,1179,39.0475238,-95.7339312
201770024013,733,39.0599907,-95.7610051
201770024021,1516,39.0473188,-95.7524318
201770024022,1122,39.0537432,-95.7504618
201770025003,1269,39.0329513,-95.7388653
201770025001,918,39.0402632,-95.7340407
201770025002,637,39.0338214,-95.730361
201770026011,1447,39.0403281,-95.7512458
201770026012,1211,39.0329863,-95.749458
201770026013,1314,39.0228856,-95.7476092
201770026021,1812,39.0075027,-95.7573209
201770026022,1887,39.0073533,-95.748265
201770026023,1087,39.0178538,-95.7556596
201770026024,1418,39.0295821,-95.7582739
201770027011,920,39.0277105,-95.7277699
201770027012,1033,39.0254658,-95.7389772
201770027013,1132,39.0208866,-95.7337106
201770027014,1431,39.014802,-95.7341278
201770027021,1373,39.0035431,-95.7240854
201770027022,1931,39.0061053,-95.7375037
201770027023,1002,38.9920418,-95.7466873
201770028004,1319,39.0060814,-95.6993893
201770028001,1208,39.010005,-95.691361
201770028002,796,39.003079,-95.6923031
201770028003,682,38.9983359,-95.6953741
201770029004,723,39.0082132,-95.6818226
201770029001,824,39.0094885,-95.6728805
201770029002,568,39.0029592,-95.6743613
201770029003,1116,38.9964159,-95.6795241
201770030011,1683,39.0119382,-95.6580681
201770030012,1693,39.003586,-95.6633498
201770030023,1014,38.9976211,-95.6297988
201770030021,1986,39.0065661,-95.6406468
201770030022,2475,38.9927112,-95.6602434
201770031001,1989,39.0384255,-95.6254167
201770031002,1210,39.0389865,-95.6449245
201770031003,1235,39.0208219,-95.6237041
201770031004,2192,39.0262727,-95.6391517
201770033011,676,39.1108278,-95.6622603
201770033012,1941,39.1096939,-95.6324669
201770033021,962,39.1873368,-95.6269257
201770033022,2673,39.1394057,-95.6257407
201770034011,2681,39.1204235,-95.6825777
201770034012,2381,39.1127391,-95.7157526
201770034022,2590,39.1825993,-95.6928467
201770034021,2229,39.149584,-95.7169702
201770035002,842,39.1632411,-95.9926803
201770035001,2268,39.1434022,-95.7893121
201770035003,1461,39.0937301,-95.8710783
201770035004,1632,39.1618681,-95.9026932
201770036011,1407,39.0262894,-95.8943987
201770036012,2105,38.915741,-95.8588564
201770036013,1477,38.9199198,-95.8307305
201770036041,1111,38.9828305,-95.8140201
201770036042,2999,38.9930338,-95.7889505
201770036051,2733,39.0042367,-95.7705414
201770036052,2028,38.9720647,-95.7554262
201770036062,753,39.0182797,-95.7774143
201770036064,854,39.0173316,-95.7701906
201770036061,1716,39.0250475,-95.7712831
201770036063,1240,39.0179276,-95.7648125
201770036072,2083,39.0462056,-95.7979473
201770036071,2576,39.0215188,-95.7894895
201770036073,2155,39.0290514,-95.8206074
201770037011,2837,38.9875577,-95.7043066
201770037012,1430,38.9968356,-95.7214356
201770037013,720,38.9787858,-95.678943
201770037022,2931,38.9379202,-95.7038403
201770037021,806,38.957687,-95.674343
201770039014,2055,39.007815,-95.6049433
201770039011,933,39.040344,-95.5742289
201770039012,2610,39.0227958,-95.5999656
201770039013,1657,39.0191657,-95.5436009
201770039021,2713,38.947759,-95.5652095
201770039022,1781,38.8992093,-95.6528298
201770040004,346,39.0420342,-95.6812874
201770040001,596,39.0565581,-95.6674907
201770040002,790,39.0484562,-95.6726801
201770040003,749,39.0381483,-95.6766629
201770041002,918,39.0503525,-95.7140371
201770041004,890,39.0530983,-95.720976
201770041001,1230,39.0645353,-95.7152487
201770041003,738,39.0467536,-95.7211168
201799528002,1085,39.3498557,-100.4416943
201799528001,1362,39.364021,-100.4466993
201814536002,814,39.353611,-101.8853341
201814536001,737,39.3481117,-101.5507829
201814537002,877,39.346102,-101.7114072
201814537001,1097,39.3586093,-101.7167551
201814537003,758,39.3454535,-101.7213044
201814537004,1644,39.3688158,-101.7064381
201834758001,836,39.777844,-98.813868
201834758002,906,39.7815363,-98.7622982
201834759001,678,39.8932591,-98.7898788
201834759002,1150,39.6706217,-98.7804714
201854706001,781,38.0545158,-98.617875
201854706002,1034,37.9620925,-98.6003765
201854707002,1261,37.9925877,-98.7572331
201854707001,996,38.0005933,-98.8662148
201879641001,627,37.5630118,-101.7842275
201879641002,1457,37.5701691,-101.752706
201899651001,1335,37.1926841,-101.3108698
201899652001,1272,37.2007543,-101.3287237
201899652002,832,37.1703177,-101.374324
201899652003,861,37.1759505,-101.345778
201899652004,950,37.1557538,-101.3300946
201919621001,1008,37.4676978,-97.2441467
201919621003,955,37.3998836,-97.275754
201919621004,635,37.3853353,-97.2765452
201919621005,1151,37.3960234,-97.2039736
201919621002,999,37.4324837,-97.2935226
201919622001,1225,37.4125348,-97.3835932
201919622002,675,37.3668531,-97.5323429
201919622003,597,37.4048692,-97.6248329
201919622004,770,37.4022643,-97.6507014
201919622005,1018,37.362608,-97.7085546
201919622006,556,37.2702453,-97.7539592
201919623001,747,37.1396223,-97.6021591
201919623002,575,37.0406585,-97.4563339
201919623003,1111,37.0283651,-97.6142464
201919624001,956,37.2806634,-97.4004516
201919624002,684,37.2769043,-97.437477
201919624003,1714,37.2786264,-97.4129695
201919624004,910,37.2744619,-97.3977091
201919625004,1325,37.2744486,-97.3671436
201919625001,1033,37.2793987,-97.386656
201919625002,795,37.2648724,-97.4007258
201919625003,752,37.2571113,-97.397859
201919626001,1105,37.2860342,-97.1681963
201919626002,1086,37.166115,-97.2496352
201939531001,1043,39.4240686,-101.0163118
201939531005,1571,39.3574763,-101.0170478
201939531002,1367,39.4273353,-101.0935322
201939531003,1245,39.3589,-101.0916265
201939531004,852,39.3920194,-101.0488181
201939534001,970,39.3476677,-100.8787064
201939534002,882,39.3482304,-101.2326441
201959558001,924,39.0079536,-99.8927386
201959558002,870,38.9113186,-99.872663
201959558003,1014,39.0090578,-99.859696
201974831003,943,39.0554905,-96.2053037
201974831004,876,39.1232244,-96.2807391
201974831001,861,38.9405458,-96.3984996
201974831002,1036,39.1104228,-96.0696254
201974831005,816,39.020349,-96.2819943
201974832002,821,38.9749361,-96.0737521
201974832001,921,38.8137637,-96.1757704
201974832003,603,38.8730978,-96.117531
201999541001,703,38.9197944,-101.7662353
201999541002,809,38.8707603,-101.7260234
202019786002,486,39.9014321,-97.0261362
202019786004,1074,39.8170082,-97.0472148
202019786001,979,39.9267828,-96.8572611
202019786003,478,39.9076372,-97.2564566
202019787003,1229,39.6714063,-96.957021
202019787001,598,39.7586182,-97.049899
202019787002,686,39.6902542,-97.2653807
202039576001,616,38.4819462,-101.347169
202039576002,839,38.4803623,-101.3725908
202039576003,697,38.4823955,-101.3452936
202050971001,973,37.5690551,-95.5918244
202050971002,890,37.6635349,-95.7469602
202050972001,686,37.4580198,-95.8335654
202050972002,766,37.6096365,-95.8538428
202050973002,1376,37.5375451,-95.8339695
202050973001,1064,37.5332242,-95.8159503
202050974002,1102,37.4246107,-95.6835095
202050974001,713,37.4081358,-95.6544462
202050974003,1054,37.4546964,-95.6959072
202070966001,743,37.882957,-95.848362
202070966002,816,37.8912104,-95.6229851
202070967001,632,37.8647588,-95.7298636
202070967002,924,37.8935531,-95.7343731
202090401003,755,39.143537,-94.6589754
202090401001,1382,39.139233,-94.6670369
202090401002,772,39.136714,-94.654609
202090402001,1422,39.1438481,-94.6440994
202090405001,745,39.1398569,-94.6800974
202090405002,1319,39.1323982,-94.6818342
202090406001,711,39.1319985,-94.6725663
202090406002,1122,39.132921,-94.6651802
202090406003,1022,39.1314573,-94.6574034
202090407001,857,39.1337423,-94.6471176
202090407002,934,39.132612,-94.6391678
202090409001,1282,39.1367597,-94.6252043
202090411001,1440,39.1219145,-94.6270276
202090412001,930,39.1246137,-94.6461196
202090412002,859,39.1239726,-94.639128
202090413001,1242,39.1262788,-94.6689618
202090413002,1618,39.1254527,-94.6553461
202090413003,1766,39.1204117,-94.6673476
202090413004,743,39.1201672,-94.676565
202090414001,567,39.1274388,-94.6223838
202090414002,431,39.1259875,-94.615991
202090414003,581,39.1299879,-94.6308766
202090415001,1789,39.1127566,-94.6718563
202090415002,998,39.1062796,-94.6699083
202090416001,945,39.1201015,-94.6580751
202090416002,790,39.119095,-94.6527105
202090416003,1355,39.1118316,-94.6517421
202090416004,1176,39.112705,-94.6578755
202090419001,756,39.1118553,-94.6230845
202090419002,951,39.1072472,-94.6232328
202090420012,551,39.1088002,-94.6311226
202090420011,1140,39.1117404,-94.6310281
202090420021,749,39.1061548,-94.6310865
202090420022,979,39.1027721,-94.6315517
202090421001,1023,39.107194,-94.64624
202090421002,1093,39.1080402,-94.6396952
202090421003,828,39.1042123,-94.6388399
202090422002,774,39.100956,-94.6583894
202090422001,1079,39.1063448,-94.6571349
202090423001,1133,39.1018202,-94.646648
202090423002,1097,39.1006213,-94.6400984
202090423003,1040,39.0959409,-94.6413508
202090424001,1096,39.096094,-94.6330547
202090424002,636,39.1000164,-94.6283263
202090424003,864,39.0970665,-94.6264331
202090426001,1400,39.0847704,-94.6406043
202090426002,672,39.0869686,-94.6337512
202090426003,699,39.0810814,-94.6348348
202090427002,1696,39.0670915,-94.6738614
202090427001,1813,39.0765129,-94.6739569
202090428001,671,39.0749986,-94.6602038
202090428002,1204,39.0677783,-94.655568
202090428003,1411,39.0668914,-94.6642747
202090429001,625,39.1168693,-94.6427488
202090429003,1251,39.1121936,-94.6392469
202090429002,818,39.1121044,-94.6463037
202090429004,707,39.1160931,-94.6309555
202090429005,1407,39.1161968,-94.621619
202090430001,1593,39.0704327,-94.6386141
202090430003,1244,39.0678689,-94.6244898
202090430004,0,39.0720306,-94.6127221
202090430002,688,39.0574031,-94.6412558
202090433012,804,39.0512132,-94.6250435
202090433011,1445,39.0493743,-94.6356797
202090433013,1196,39.0457761,-94.633202
202090434001,848,39.0580047,-94.6563948
202090434002,1348,39.0492101,-94.6579014
202090435001,850,39.057656,-94.6728749
202090435002,834,39.0492485,-94.6730365
202090436001,1566,39.0494562,-94.7075249
202090436003,1151,39.0549329,-94.689939
202090436002,1290,39.0541857,-94.6967501
202090436004,1246,39.050998,-94.6825314
202090436005,1395,39.0473653,-94.6933773
202090437001,1234,39.0776576,-94.6887819
202090437002,1239,39.065771,-94.6876753
202090438023,685,39.0620003,-94.725479
202090438021,610,39.0492956,-94.7521717
202090438022,10,39.0653256,-94.7514503
202090438031,1024,39.0795516,-94.7096645
202090438032,533,39.0643225,-94.7055222
202090438033,1402,39.0798362,-94.7006227
202090439031,1669,39.1225811,-94.6957997
202090439032,1465,39.1232665,-94.6823795
202090439041,1832,39.1228007,-94.7291857
202090439042,1774,39.1225443,-94.7124701
202090439051,1078,39.1080143,-94.7300061
202090439052,686,39.1081078,-94.7021922
202090440011,1049,39.0962221,-94.7791619
202090440012,1359,39.0966246,-94.7529846
202090440013,1184,39.0959483,-94.7368951
202090440022,1840,39.0824368,-94.7522921
202090440024,571,39.0865819,-94.7274499
202090440021,836,39.0761136,-94.7802995
202090440023,0,39.0616191,-94.772887
202090441011,1125,39.1110588,-94.7509868
202090441021,1202,39.1074845,-94.7701661
202090441022,1676,39.1131207,-94.7695633
202090441033,1080,39.1199227,-94.764987
202090441031,1194,39.1224854,-94.7791599
202090441032,775,39.1261487,-94.7643542
202090441042,1082,39.1254653,-94.7561074
202090441041,1680,39.1224326,-94.7457291
202090441043,742,39.1193978,-94.7563543
202090442011,636,39.1394892,-94.7803285
202090442012,1164,39.139642,-94.7641699
202090442014,1280,39.1322008,-94.7800853
202090442013,1129,39.1324359,-94.7636889
202090442023,805,39.1318562,-94.7486847
202090442021,1600,39.1372476,-94.7521948
202090442022,1468,39.1358091,-94.7397472
202090443013,594,39.1456924,-94.7104235
202090443011,671,39.1467334,-94.7292053
202090443012,1187,39.1467476,-94.7197779
202090443022,1286,39.1396729,-94.7246647
202090443021,746,39.1396323,-94.7105974
202090443031,980,39.1323316,-94.7106112
202090443032,1504,39.1324153,-94.7246208
202090444001,718,39.1393367,-94.7012189
202090444002,955,39.1392443,-94.6914586
202090444003,1407,39.1320726,-94.6966453
202090445002,1251,39.1518892,-94.6762909
202090445001,1058,39.1533405,-94.6981443
202090446013,0,39.1640408,-94.7812142
202090446011,1034,39.1562981,-94.7466103
202090446012,723,39.1583578,-94.7180467
202090446014,1004,39.1576716,-94.7748238
202090446021,0,39.1872243,-94.7817044
202090446031,0,39.1707631,-94.6841432
202090447023,14,39.0531016,-94.8013065
202090447025,1386,39.0590437,-94.8260885
202090447021,1951,39.0847616,-94.8190413
202090447022,1342,39.0556718,-94.8187113
202090447024,24,39.0603239,-94.836496
202090447032,2503,39.1357322,-94.8321589
202090447031,3,39.1156422,-94.8268431
202090447033,964,39.1189772,-94.8430599
202090447041,896,39.1360138,-94.8042464
202090447042,809,39.1162989,-94.7980816
202090448034,2389,39.1221395,-94.8812741
202090448031,1615,39.1431697,-94.8732067
202090448032,1731,39.1801792,-94.8823173
202090448033,1100,39.1795966,-94.8547583
202090448041,968,39.1582289,-94.8044326
202090448042,1351,39.1504143,-94.8330277
202090448043,2833,39.1807899,-94.8261465
202090448071,953,39.0909559,-94.8688314
202090448072,2116,39.0494878,-94.8983274
202090449001,1037,39.068947,-94.8889506
202090449002,891,39.054056,-94.8903654
202090449003,1188,39.0606886,-94.8792534
202090449004,1683,39.0615498,-94.8924794
202090451001,1147,39.0555719,-94.6188526
202090451002,56,39.0644729,-94.6203116
202090451003,782,39.0610462,-94.6160372
202090452001,501,39.0580725,-94.6096659
202090452005,1207,39.0471825,-94.6165296
202090452002,794,39.0491818,-94.6095852
202090452003,1019,39.053221,-94.6144386
202090452004,809,39.0659616,-94.6100536
202099800001,0,39.1439255,-94.6108157
202099805001,15,39.1049141,-94.6113446
202099809001,98,39.0900572,-94.6177232
202099812001,11,39.0885267,-94.6507767
202099815001,9,39.0895688,-94.6828192
201610008041,NA,39.176276,-96.5796875
201610008042,NA,39.1782881,-96.5638858
